rep,target,SHD,F1,Precision,Recall
0,base_dag,18,0.7272727222176308,0.8888888885596707,0.6153846152268244
0,union,18,0.7272727222176308,0.8888888885596707,0.6153846152268244
0,intersection,20,0.6428571376339286,0.666666666419753,0.6206896549583829
0,prevalence50,18,0.7272727222176308,0.8888888885596707,0.6153846152268244
1,base_dag,9,0.8524590111152915,0.8666666663777778,0.8387096771488033
1,union,9,0.8524590111152915,0.8666666663777778,0.8387096771488033
1,intersection,16,0.6923076871597633,0.5999999998,0.8181818178099173
1,prevalence50,9,0.8524590111152915,0.8666666663777778,0.8387096771488033
2,base_dag,46,0.43902438610053546,0.7826086953119092,0.3050847457110026
2,union,46,0.43902438610053546,0.7826086953119092,0.3050847457110026
2,intersection,39,0.39999999530414204,0.5652173910586011,0.3095238094501134
2,prevalence50,45,0.44444444026825186,0.7826086953119092,0.31034482753269915
3,base_dag,37,0.5647058774698962,0.7272727270523416,0.4615384614497041
3,union,37,0.5647058774698962,0.7272727270523416,0.4615384614497041
3,intersection,31,0.563380276556239,0.6060606058769513,0.5263157893351801
3,prevalence50,37,0.5647058774698962,0.7272727270523416,0.4615384614497041
4,base_dag,16,0.7777777727006174,0.9333333330222222,0.6666666665079365
4,union,16,0.7777777727006174,0.9333333330222222,0.6666666665079365
4,intersection,19,0.698412693202318,0.7333333330888888,0.6666666664646465
4,prevalence50,16,0.7777777727006174,0.9333333330222222,0.6666666665079365
5,base_dag,30,0.6052631527493075,0.6388888887114197,0.5749999998562499
5,union,30,0.6052631527493075,0.6388888887114197,0.5749999998562499
5,intersection,35,0.47761193518378253,0.4444444443209876,0.5161290320915712
5,prevalence50,30,0.6052631527493075,0.6388888887114197,0.5749999998562499
6,base_dag,7,0.892307687043787,0.9354838706659729,0.8529411762197232
6,union,7,0.892307687043787,0.9354838706659729,0.8529411762197232
6,intersection,13,0.7719298193290245,0.7096774191259105,0.8461538458284024
6,prevalence50,6,0.9062499947216798,0.9354838706659729,0.8787878785215794
7,base_dag,24,0.6571428521020409,0.7931034480023781,0.5609756096192743
7,union,24,0.6571428521020409,0.7931034480023781,0.5609756096192743
7,intersection,25,0.5901639292448269,0.6206896549583829,0.5624999998242187
7,prevalence50,24,0.6571428521020409,0.7931034480023781,0.5609756096192743
8,base_dag,15,0.7692307640047338,0.8064516126430801,0.7352941174307959
8,union,15,0.7692307640047338,0.8064516126430801,0.7352941174307959
8,intersection,16,0.7142857090880104,0.6451612901144641,0.79999999968
8,prevalence50,15,0.7692307640047338,0.8064516126430801,0.7352941174307959
9,base_dag,20,0.7058823477378894,0.7272727270523416,0.6857142855183673
9,union,20,0.7058823477378894,0.7272727270523416,0.6857142855183673
9,intersection,26,0.5517241328359097,0.48484848470156106,0.639999999744
9,prevalence50,20,0.7058823477378894,0.7272727270523416,0.6857142855183673
10,base_dag,27,0.6086956471749633,0.7499999997321428,0.5121951218262939
10,union,27,0.6086956471749633,0.7499999997321428,0.5121951218262939
10,intersection,27,0.5573770440311746,0.6071428569260204,0.5151515149954086
10,prevalence50,27,0.6086956471749633,0.7499999997321428,0.5121951218262939
11,base_dag,24,0.6666666616705247,0.8275862066111771,0.558139534753921
11,union,24,0.6666666616705247,0.8275862066111771,0.558139534753921
11,intersection,27,0.5423728761735134,0.5517241377407848,0.5333333331555555
11,prevalence50,24,0.6666666616705247,0.8275862066111771,0.558139534753921
12,base_dag,21,0.6956521687964713,0.7999999997333334,0.6153846152268244
12,union,21,0.6956521687964713,0.7999999997333334,0.6153846152268244
12,intersection,17,0.7213114701746842,0.7333333330888888,0.7096774191259105
12,prevalence50,21,0.6956521687964713,0.7999999997333334,0.6153846152268244
13,base_dag,13,0.8311688259605331,0.8648648646311176,0.7999999998
13,union,13,0.8311688259605331,0.8648648646311176,0.7999999998
13,intersection,15,0.7826086904515859,0.7297297295325055,0.8437499997363281
13,prevalence50,12,0.8421052579397507,0.8648648646311176,0.8205128203024326
14,base_dag,30,0.5714285664653063,0.7142857140306123,0.47619047607709747
14,union,30,0.5714285664653063,0.7142857140306123,0.47619047607709747
14,intersection,28,0.5333333281777777,0.5714285712244898,0.49999999984375
14,prevalence50,30,0.5714285664653063,0.7142857140306123,0.47619047607709747
15,base_dag,22,0.6666666615381084,0.7586206893935791,0.5945945944338933
15,union,22,0.6666666615381084,0.7586206893935791,0.5945945944338933
15,intersection,22,0.6071428519323979,0.5862068963495838,0.6296296293964334
15,prevalence50,22,0.6666666615381084,0.7586206893935791,0.5945945944338933
16,base_dag,13,0.7868852406557377,0.8275862066111771,0.749999999765625
16,union,13,0.7868852406557377,0.8275862066111771,0.749999999765625
16,intersection,15,0.7058823477585545,0.6206896549583829,0.8181818178099173
16,prevalence50,13,0.7868852406557377,0.8275862066111771,0.749999999765625
17,base_dag,12,0.7857142804910714,0.879999999648,0.7096774191259105
17,union,12,0.7857142804910714,0.879999999648,0.7096774191259105
17,intersection,12,0.7499999946961806,0.719999999712,0.7826086953119092
17,prevalence50,12,0.7857142804910714,0.879999999648,0.7096774191259105
18,base_dag,15,0.7540983554743349,0.8518518515363511,0.6764705880363322
18,union,15,0.7540983554743349,0.8518518515363511,0.6764705880363322
18,intersection,18,0.653846148602071,0.6296296293964334,0.679999999728
18,prevalence50,15,0.7540983554743349,0.8518518515363511,0.6764705880363322
19,base_dag,13,0.779661011697788,0.8214285711352041,0.7419354836316336
19,union,13,0.779661011697788,0.8214285711352041,0.7419354836316336
19,intersection,19,0.627450975194156,0.5714285712244898,0.695652173610586
19,prevalence50,13,0.779661011697788,0.8214285711352041,0.7419354836316336
