experiment_family,scenario_id,replicate_id,method,sepset_aggregation,weighting,evaluation_unit,evaluation_target,corruption_fraction,corrupted_client_ids,p,N,K,tau,edge_prob,ell,noise_regime,mechanism_shift,deletion_probability,alpha,sep_tau_factor,master_seed,replicate_seed,client_seeds,SHD,F1,Precision,Recall,n_oriented,Dir_Prec,Dir_Rec,Dir_F1,communication_bytes,client_weights,n_sepset_pairs_retained,runtime_sum,runtime_parallel_est,server_runtime,n_clients_timed,note
factorial_ablation,factorial_default_2b13c41e0b,0,no_agg_equal,off,equal,global_graph,true_dag,0.0,[],20,5000,5,0.5,0.2,2,mild,False,0.07,0.05,0.5,42,1280846045,"[2150647574, 2124307825, 3577423874, 1775244545, 1655087813]",30,0.5714285665265306,0.7407407404663923,0.46511627896160085,0,0.0,0.0,0.0,556.875,"[0.2, 0.2, 0.2, 0.2, 0.2]",0,21.354247093200684,4.823714971542358,0.0006968975067138672,5,"Dir_F1=0 BY CONSTRUCTION -- no Sepsets aggregated/passed to orientation; definitional, not empirical evidence about weighting."
factorial_ablation,factorial_default_2b13c41e0b,0,agg_equal,on,equal,global_graph,true_dag,0.0,[],20,5000,5,0.5,0.2,2,mild,False,0.07,0.05,0.5,42,1280846045,"[2150647574, 2124307825, 3577423874, 1775244545, 1655087813]",30,0.5714285665265306,0.7407407404663923,0.46511627896160085,23,0.5217391302079395,0.2790697673769605,0.36363635898530766,556.875,"[0.2, 0.2, 0.2, 0.2, 0.2]",334,21.358035802841187,4.827503681182861,0.004485607147216797,5,
factorial_ablation,factorial_default_2b13c41e0b,0,agg_consensus,on,consensus,global_graph,true_dag,0.0,[],20,5000,5,0.5,0.2,2,mild,False,0.07,0.05,0.5,42,1280846045,"[2150647574, 2124307825, 3577423874, 1775244545, 1655087813]",30,0.5714285665265306,0.7407407404663923,0.46511627896160085,23,0.5217391302079395,0.2790697673769605,0.36363635898530766,556.875,"[0.19482307677342384, 0.21448597489158835, 0.21125862443778848, 0.18847128015272246, 0.1909610437444769]",334,21.357864379882812,4.827332258224487,0.0043141841888427734,5,
factorial_ablation,factorial_default_2b13c41e0b,0,agg_oracle,on,oracle,global_graph,true_dag,0.0,[],20,5000,5,0.5,0.2,2,mild,False,0.07,0.05,0.5,42,1280846045,"[2150647574, 2124307825, 3577423874, 1775244545, 1655087813]",30,0.5714285665265306,0.7407407404663923,0.46511627896160085,23,0.5217391302079395,0.2790697673769605,0.36363635898530766,556.875,"[0.2028292416549363, 0.17867821787945154, 0.19140457402739852, 0.21006760520584097, 0.21702036123237267]",334,21.35694909095764,4.826416969299316,0.003398895263671875,5,"ablation only -- requires ground truth, not deployable"
factorial_ablation,factorial_default_2b13c41e0b,1,no_agg_equal,off,equal,global_graph,true_dag,0.0,[],20,5000,5,0.5,0.2,2,mild,False,0.07,0.05,0.5,42,207125682,"[3246473682, 2894605825, 2102162442, 2098895980, 2072340361]",13,0.754716975991456,0.9090909086776859,0.6451612901144641,0,0.0,0.0,0.0,436.25,"[0.2, 0.2, 0.2, 0.2, 0.2]",0,13.787988662719727,3.521193265914917,0.0008027553558349609,5,"Dir_F1=0 BY CONSTRUCTION -- no Sepsets aggregated/passed to orientation; definitional, not empirical evidence about weighting."
factorial_ablation,factorial_default_2b13c41e0b,1,agg_equal,on,equal,global_graph,true_dag,0.0,[],20,5000,5,0.5,0.2,2,mild,False,0.07,0.05,0.5,42,207125682,"[3246473682, 2894605825, 2102162442, 2098895980, 2072340361]",13,0.754716975991456,0.9090909086776859,0.6451612901144641,16,0.6874999995703125,0.35483870956295527,0.4680851016930739,436.25,"[0.2, 0.2, 0.2, 0.2, 0.2]",338,13.791584253311157,3.5247888565063477,0.004398345947265625,5,
factorial_ablation,factorial_default_2b13c41e0b,1,agg_consensus,on,consensus,global_graph,true_dag,0.0,[],20,5000,5,0.5,0.2,2,mild,False,0.07,0.05,0.5,42,207125682,"[3246473682, 2894605825, 2102162442, 2098895980, 2072340361]",13,0.754716975991456,0.9090909086776859,0.6451612901144641,16,0.6874999995703125,0.35483870956295527,0.4680851016930739,436.25,"[0.18698093647840067, 0.214856534410539, 0.17594652914888098, 0.21136207443966074, 0.21085392552251864]",338,13.790169954299927,3.523374557495117,0.0029840469360351562,5,
factorial_ablation,factorial_default_2b13c41e0b,1,agg_oracle,on,oracle,global_graph,true_dag,0.0,[],20,5000,5,0.5,0.2,2,mild,False,0.07,0.05,0.5,42,207125682,"[3246473682, 2894605825, 2102162442, 2098895980, 2072340361]",13,0.754716975991456,0.9090909086776859,0.6451612901144641,16,0.6874999995703125,0.35483870956295527,0.4680851016930739,436.25,"[0.18812923391779968, 0.20845344492544252, 0.18122600065010347, 0.20080443299284553, 0.2213868875138088]",338,13.789785146713257,3.5229897499084473,0.0025992393493652344,5,"ablation only -- requires ground truth, not deployable"
factorial_ablation,factorial_default_2b13c41e0b,2,no_agg_equal,off,equal,global_graph,true_dag,0.0,[],20,5000,5,0.5,0.2,2,mild,False,0.07,0.05,0.5,42,4012487193,"[1449079090, 2691695427, 3176528597, 1343695615, 1940604653]",18,0.7567567516106648,0.8484848482277318,0.6829268291017252,0,0.0,0.0,0.0,513.125,"[0.2, 0.2, 0.2, 0.2, 0.2]",0,21.356675148010254,5.0197389125823975,0.00106048583984375,5,"Dir_F1=0 BY CONSTRUCTION -- no Sepsets aggregated/passed to orientation; definitional, not empirical evidence about weighting."
factorial_ablation,factorial_default_2b13c41e0b,2,agg_equal,on,equal,global_graph,true_dag,0.0,[],20,5000,5,0.5,0.2,2,mild,False,0.07,0.05,0.5,42,4012487193,"[1449079090, 2691695427, 3176528597, 1343695615, 1940604653]",18,0.7567567516106648,0.8484848482277318,0.6829268291017252,31,0.8387096771488033,0.6341463413087448,0.7222222171180557,513.125,"[0.2, 0.2, 0.2, 0.2, 0.2]",326,21.360432863235474,5.023496627807617,0.0048182010650634766,5,
factorial_ablation,factorial_default_2b13c41e0b,2,agg_consensus,on,consensus,global_graph,true_dag,0.0,[],20,5000,5,0.5,0.2,2,mild,False,0.07,0.05,0.5,42,4012487193,"[1449079090, 2691695427, 3176528597, 1343695615, 1940604653]",18,0.7567567516106648,0.8484848482277318,0.6829268291017252,31,0.8387096771488033,0.6341463413087448,0.7222222171180557,513.125,"[0.20633715902328015, 0.18102145078712825, 0.19854686569617142, 0.20459384958010013, 0.20950067491332003]",326,21.360122203826904,5.023185968399048,0.004507541656494141,5,
factorial_ablation,factorial_default_2b13c41e0b,2,agg_oracle,on,oracle,global_graph,true_dag,0.0,[],20,5000,5,0.5,0.2,2,mild,False,0.07,0.05,0.5,42,4012487193,"[1449079090, 2691695427, 3176528597, 1343695615, 1940604653]",18,0.7567567516106648,0.8484848482277318,0.6829268291017252,31,0.8387096771488033,0.6341463413087448,0.7222222171180557,513.125,"[0.1891565017714184, 0.18855168517754758, 0.2045916724270926, 0.2186753274114829, 0.1990248132124585]",326,21.36058735847473,5.023651123046875,0.004972696304321289,5,"ablation only -- requires ground truth, not deployable"
factorial_ablation,factorial_default_2b13c41e0b,3,no_agg_equal,off,equal,global_graph,true_dag,0.0,[],20,5000,5,0.5,0.2,2,mild,False,0.07,0.05,0.5,42,1369697531,"[2581943386, 3089808364, 2684923120, 1752444084, 445346064]",9,0.8363636311404958,0.9583333329340278,0.7419354836316336,0,0.0,0.0,0.0,485.625,"[0.2, 0.2, 0.2, 0.2, 0.2]",0,12.242751359939575,2.6208462715148926,0.0005142688751220703,5,"Dir_F1=0 BY CONSTRUCTION -- no Sepsets aggregated/passed to orientation; definitional, not empirical evidence about weighting."
factorial_ablation,factorial_default_2b13c41e0b,3,agg_equal,on,equal,global_graph,true_dag,0.0,[],20,5000,5,0.5,0.2,2,mild,False,0.07,0.05,0.5,42,1369697531,"[2581943386, 3089808364, 2684923120, 1752444084, 445346064]",9,0.8363636311404958,0.9583333329340278,0.7419354836316336,15,0.8666666660888889,0.41935483857440164,0.5652173866635161,485.625,"[0.2, 0.2, 0.2, 0.2, 0.2]",338,12.245547771453857,2.623642683029175,0.003310680389404297,5,
factorial_ablation,factorial_default_2b13c41e0b,3,agg_consensus,on,consensus,global_graph,true_dag,0.0,[],20,5000,5,0.5,0.2,2,mild,False,0.07,0.05,0.5,42,1369697531,"[2581943386, 3089808364, 2684923120, 1752444084, 445346064]",9,0.8363636311404958,0.9583333329340278,0.7419354836316336,15,0.8666666660888889,0.41935483857440164,0.5652173866635161,485.625,"[0.17788289078974898, 0.18948937179003833, 0.20719170640628512, 0.19752425519074457, 0.22791177582318303]",338,12.245814323425293,2.6239092350006104,0.0035772323608398438,5,
factorial_ablation,factorial_default_2b13c41e0b,3,agg_oracle,on,oracle,global_graph,true_dag,0.0,[],20,5000,5,0.5,0.2,2,mild,False,0.07,0.05,0.5,42,1369697531,"[2581943386, 3089808364, 2684923120, 1752444084, 445346064]",9,0.8363636311404958,0.9583333329340278,0.7419354836316336,15,0.8666666660888889,0.41935483857440164,0.5652173866635161,485.625,"[0.18682476689258204, 0.17591044660999794, 0.21285164064709375, 0.20838334134530456, 0.21602980450502163]",338,12.245875358581543,2.6239702701568604,0.0036382675170898438,5,"ablation only -- requires ground truth, not deployable"
factorial_ablation,factorial_default_2b13c41e0b,4,no_agg_equal,off,equal,global_graph,true_dag,0.0,[],20,5000,5,0.5,0.2,2,mild,False,0.07,0.05,0.5,42,906395463,"[1444467867, 4172839260, 3238312601, 2445510670, 2485754958]",20,0.655172408781213,0.8260869561625709,0.5428571427020408,0,0.0,0.0,0.0,600.625,"[0.2, 0.2, 0.2, 0.2, 0.2]",0,22.13214659690857,4.9578187465667725,0.0007264614105224609,5,"Dir_F1=0 BY CONSTRUCTION -- no Sepsets aggregated/passed to orientation; definitional, not empirical evidence about weighting."
factorial_ablation,factorial_default_2b13c41e0b,4,agg_equal,on,equal,global_graph,true_dag,0.0,[],20,5000,5,0.5,0.2,2,mild,False,0.07,0.05,0.5,42,906395463,"[1444467867, 4172839260, 3238312601, 2445510670, 2485754958]",20,0.655172408781213,0.8260869561625709,0.5428571427020408,18,0.777777777345679,0.3999999998857143,0.5283018821075116,600.625,"[0.2, 0.2, 0.2, 0.2, 0.2]",334,22.136510848999023,4.962182998657227,0.0050907135009765625,5,
factorial_ablation,factorial_default_2b13c41e0b,4,agg_consensus,on,consensus,global_graph,true_dag,0.0,[],20,5000,5,0.5,0.2,2,mild,False,0.07,0.05,0.5,42,906395463,"[1444467867, 4172839260, 3238312601, 2445510670, 2485754958]",20,0.655172408781213,0.8260869561625709,0.5428571427020408,18,0.777777777345679,0.3999999998857143,0.5283018821075116,600.625,"[0.20440826067991008, 0.210264834422962, 0.19400952266656704, 0.19619233034733358, 0.19512505188322726]",334,22.136694192886353,4.962366342544556,0.005274057388305664,5,
factorial_ablation,factorial_default_2b13c41e0b,4,agg_oracle,on,oracle,global_graph,true_dag,0.0,[],20,5000,5,0.5,0.2,2,mild,False,0.07,0.05,0.5,42,906395463,"[1444467867, 4172839260, 3238312601, 2445510670, 2485754958]",20,0.655172408781213,0.8260869561625709,0.5428571427020408,18,0.777777777345679,0.3999999998857143,0.5283018821075116,600.625,"[0.2065834841465836, 0.1996400001193224, 0.22160294681243156, 0.18541010750461628, 0.1867634614170461]",334,22.136608362197876,4.962280511856079,0.0051882266998291016,5,"ablation only -- requires ground truth, not deployable"
factorial_ablation,factorial_default_2b13c41e0b,5,no_agg_equal,off,equal,global_graph,true_dag,0.0,[],20,5000,5,0.5,0.2,2,mild,False,0.07,0.05,0.5,42,3713452909,"[4152603086, 194454308, 3614844982, 1526302353, 529391403]",12,0.7777777725994515,0.9130434778638941,0.6774193546201873,0,0.0,0.0,0.0,577.5,"[0.2, 0.2, 0.2, 0.2, 0.2]",0,15.089129447937012,3.1479814052581787,0.0004448890686035156,5,"Dir_F1=0 BY CONSTRUCTION -- no Sepsets aggregated/passed to orientation; definitional, not empirical evidence about weighting."
factorial_ablation,factorial_default_2b13c41e0b,5,agg_equal,on,equal,global_graph,true_dag,0.0,[],20,5000,5,0.5,0.2,2,mild,False,0.07,0.05,0.5,42,3713452909,"[4152603086, 194454308, 3614844982, 1526302353, 529391403]",12,0.7777777725994515,0.9130434778638941,0.6774193546201873,21,0.7619047615419501,0.5161290320915712,0.6153846103328403,577.5,"[0.2, 0.2, 0.2, 0.2, 0.2]",338,15.092064142227173,3.15091609954834,0.0033795833587646484,5,
factorial_ablation,factorial_default_2b13c41e0b,5,agg_consensus,on,consensus,global_graph,true_dag,0.0,[],20,5000,5,0.5,0.2,2,mild,False,0.07,0.05,0.5,42,3713452909,"[4152603086, 194454308, 3614844982, 1526302353, 529391403]",12,0.7777777725994515,0.9130434778638941,0.6774193546201873,21,0.7619047615419501,0.5161290320915712,0.6153846103328403,577.5,"[0.20455194282349223, 0.2125678042323029, 0.20260762217133207, 0.1738058842325812, 0.20646674654029165]",338,15.091787576675415,3.150639533996582,0.003103017807006836,5,
factorial_ablation,factorial_default_2b13c41e0b,5,agg_oracle,on,oracle,global_graph,true_dag,0.0,[],20,5000,5,0.5,0.2,2,mild,False,0.07,0.05,0.5,42,3713452909,"[4152603086, 194454308, 3614844982, 1526302353, 529391403]",12,0.7777777725994515,0.9130434778638941,0.6774193546201873,21,0.7619047615419501,0.5161290320915712,0.6153846103328403,577.5,"[0.21062033851252454, 0.20666511499957335, 0.18745135135867352, 0.18057299238582586, 0.21469020274340286]",338,15.092318773269653,3.1511707305908203,0.003634214401245117,5,"ablation only -- requires ground truth, not deployable"
factorial_ablation,factorial_default_2b13c41e0b,6,no_agg_equal,off,equal,global_graph,true_dag,0.0,[],20,5000,5,0.5,0.2,2,mild,False,0.07,0.05,0.5,42,3235298591,"[3711891054, 48773879, 1679206731, 4070073317, 3099878152]",10,0.8148148096844994,0.9999999995454545,0.6874999997851562,0,0.0,0.0,0.0,325.0,"[0.2, 0.2, 0.2, 0.2, 0.2]",0,9.960694074630737,2.1886045932769775,0.00047969818115234375,5,"Dir_F1=0 BY CONSTRUCTION -- no Sepsets aggregated/passed to orientation; definitional, not empirical evidence about weighting."
factorial_ablation,factorial_default_2b13c41e0b,6,agg_equal,on,equal,global_graph,true_dag,0.0,[],20,5000,5,0.5,0.2,2,mild,False,0.07,0.05,0.5,42,3235298591,"[3711891054, 48773879, 1679206731, 4070073317, 3099878152]",10,0.8148148096844994,0.9999999995454545,0.6874999997851562,20,0.89999999955,0.5624999998242187,0.6923076873076924,325.0,"[0.2, 0.2, 0.2, 0.2, 0.2]",338,9.962943315505981,2.1908538341522217,0.0027289390563964844,5,
factorial_ablation,factorial_default_2b13c41e0b,6,agg_consensus,on,consensus,global_graph,true_dag,0.0,[],20,5000,5,0.5,0.2,2,mild,False,0.07,0.05,0.5,42,3235298591,"[3711891054, 48773879, 1679206731, 4070073317, 3099878152]",10,0.8148148096844994,0.9999999995454545,0.6874999997851562,20,0.89999999955,0.5624999998242187,0.6923076873076924,325.0,"[0.2129931797749802, 0.18544102453249722, 0.2243261702407091, 0.20868936876032662, 0.16855025669148682]",338,9.963008403778076,2.1909189224243164,0.002794027328491211,5,
factorial_ablation,factorial_default_2b13c41e0b,6,agg_oracle,on,oracle,global_graph,true_dag,0.0,[],20,5000,5,0.5,0.2,2,mild,False,0.07,0.05,0.5,42,3235298591,"[3711891054, 48773879, 1679206731, 4070073317, 3099878152]",10,0.8148148096844994,0.9999999995454545,0.6874999997851562,20,0.89999999955,0.5624999998242187,0.6923076873076924,325.0,"[0.20197309231811722, 0.19183382250214, 0.20952284103071903, 0.17751541301348336, 0.21915483113554032]",338,9.963290452957153,2.1912009716033936,0.0030760765075683594,5,"ablation only -- requires ground truth, not deployable"
factorial_ablation,factorial_default_2b13c41e0b,7,no_agg_equal,off,equal,global_graph,true_dag,0.0,[],20,5000,5,0.5,0.2,2,mild,False,0.07,0.05,0.5,42,4251779038,"[1437888467, 986022921, 2779663780, 253307979, 3351014087]",22,0.6451612855359001,0.9090909086776859,0.499999999875,0,0.0,0.0,0.0,618.125,"[0.2, 0.2, 0.2, 0.2, 0.2]",0,26.23374319076538,5.681462526321411,0.0005552768707275391,5,"Dir_F1=0 BY CONSTRUCTION -- no Sepsets aggregated/passed to orientation; definitional, not empirical evidence about weighting."
factorial_ablation,factorial_default_2b13c41e0b,7,agg_equal,on,equal,global_graph,true_dag,0.0,[],20,5000,5,0.5,0.2,2,mild,False,0.07,0.05,0.5,42,4251779038,"[1437888467, 986022921, 2779663780, 253307979, 3351014087]",22,0.6451612855359001,0.9090909086776859,0.499999999875,17,0.7058823525259516,0.299999999925,0.4210526272453063,618.125,"[0.2, 0.2, 0.2, 0.2, 0.2]",336,26.24118447303772,5.68890380859375,0.007996559143066406,5,
factorial_ablation,factorial_default_2b13c41e0b,7,agg_consensus,on,consensus,global_graph,true_dag,0.0,[],20,5000,5,0.5,0.2,2,mild,False,0.07,0.05,0.5,42,4251779038,"[1437888467, 986022921, 2779663780, 253307979, 3351014087]",22,0.6451612855359001,0.9090909086776859,0.499999999875,17,0.7058823525259516,0.299999999925,0.4210526272453063,618.125,"[0.18896153600188398, 0.21850485741600104, 0.17424861491077318, 0.19618812779224032, 0.22209686387910157]",336,26.238255262374878,5.685974597930908,0.005067348480224609,5,
factorial_ablation,factorial_default_2b13c41e0b,7,agg_oracle,on,oracle,global_graph,true_dag,0.0,[],20,5000,5,0.5,0.2,2,mild,False,0.07,0.05,0.5,42,4251779038,"[1437888467, 986022921, 2779663780, 253307979, 3351014087]",22,0.6451612855359001,0.9090909086776859,0.499999999875,17,0.7058823525259516,0.299999999925,0.4210526272453063,618.125,"[0.2085891741858729, 0.1832379591970029, 0.17340328371049143, 0.2264859220251401, 0.20828366088149264]",336,26.237746715545654,5.685466051101685,0.0045588016510009766,5,"ablation only -- requires ground truth, not deployable"
factorial_ablation,factorial_default_2b13c41e0b,8,no_agg_equal,off,equal,global_graph,true_dag,0.0,[],20,5000,5,0.5,0.2,2,mild,False,0.07,0.05,0.5,42,4047580659,"[2497845, 1115954008, 2173421813, 325321418, 1868857067]",11,0.7924528249341402,0.8749999996354166,0.72413793078478,0,0.0,0.0,0.0,373.125,"[0.2, 0.2, 0.2, 0.2, 0.2]",0,12.091635704040527,2.6357693672180176,0.0005283355712890625,5,"Dir_F1=0 BY CONSTRUCTION -- no Sepsets aggregated/passed to orientation; definitional, not empirical evidence about weighting."
factorial_ablation,factorial_default_2b13c41e0b,8,agg_equal,on,equal,global_graph,true_dag,0.0,[],20,5000,5,0.5,0.2,2,mild,False,0.07,0.05,0.5,42,4047580659,"[2497845, 1115954008, 2173421813, 325321418, 1868857067]",11,0.7924528249341402,0.8749999996354166,0.72413793078478,19,0.8421052627146814,0.5517241377407848,0.6666666616059028,373.125,"[0.2, 0.2, 0.2, 0.2, 0.2]",334,12.094305276870728,2.6384389400482178,0.003197908401489258,5,
factorial_ablation,factorial_default_2b13c41e0b,8,agg_consensus,on,consensus,global_graph,true_dag,0.0,[],20,5000,5,0.5,0.2,2,mild,False,0.07,0.05,0.5,42,4047580659,"[2497845, 1115954008, 2173421813, 325321418, 1868857067]",11,0.7924528249341402,0.8749999996354166,0.72413793078478,19,0.8421052627146814,0.5517241377407848,0.6666666616059028,373.125,"[0.19777358122401303, 0.1853478122488307, 0.2095525126515716, 0.19777358122401303, 0.2095525126515716]",334,12.0946786403656,2.638812303543091,0.0035712718963623047,5,
factorial_ablation,factorial_default_2b13c41e0b,8,agg_oracle,on,oracle,global_graph,true_dag,0.0,[],20,5000,5,0.5,0.2,2,mild,False,0.07,0.05,0.5,42,4047580659,"[2497845, 1115954008, 2173421813, 325321418, 1868857067]",11,0.7924528249341402,0.8749999996354166,0.72413793078478,19,0.8421052627146814,0.5517241377407848,0.6666666616059028,373.125,"[0.19553111510129534, 0.20297925659913646, 0.20297925659913646, 0.19553111510129534, 0.20297925659913646]",334,12.0952730178833,2.639406681060791,0.0041656494140625,5,"ablation only -- requires ground truth, not deployable"
factorial_ablation,factorial_default_2b13c41e0b,9,no_agg_equal,off,equal,global_graph,true_dag,0.0,[],20,5000,5,0.5,0.2,2,mild,False,0.07,0.05,0.5,42,3272649230,"[1096927408, 1870767175, 2009200821, 3949612110, 2072437555]",13,0.7796610118012066,0.919999999632,0.6764705880363322,0,0.0,0.0,0.0,521.875,"[0.2, 0.2, 0.2, 0.2, 0.2]",0,20.43462634086609,4.560487508773804,0.0006499290466308594,5,"Dir_F1=0 BY CONSTRUCTION -- no Sepsets aggregated/passed to orientation; definitional, not empirical evidence about weighting."
factorial_ablation,factorial_default_2b13c41e0b,9,agg_equal,on,equal,global_graph,true_dag,0.0,[],20,5000,5,0.5,0.2,2,mild,False,0.07,0.05,0.5,42,3272649230,"[1096927408, 1870767175, 2009200821, 3949612110, 2072437555]",13,0.7796610118012066,0.919999999632,0.6764705880363322,16,0.624999999609375,0.29411764697231835,0.399999995488,521.875,"[0.2, 0.2, 0.2, 0.2, 0.2]",330,20.437832593917847,4.5636937618255615,0.003856182098388672,5,
factorial_ablation,factorial_default_2b13c41e0b,9,agg_consensus,on,consensus,global_graph,true_dag,0.0,[],20,5000,5,0.5,0.2,2,mild,False,0.07,0.05,0.5,42,3272649230,"[1096927408, 1870767175, 2009200821, 3949612110, 2072437555]",13,0.7796610118012066,0.919999999632,0.6764705880363322,16,0.624999999609375,0.29411764697231835,0.399999995488,521.875,"[0.18121679950804281, 0.20380512469075715, 0.19917789636990246, 0.20063268091236058, 0.21516749851893696]",330,20.437593698501587,4.563454866409302,0.0036172866821289062,5,
factorial_ablation,factorial_default_2b13c41e0b,9,agg_oracle,on,oracle,global_graph,true_dag,0.0,[],20,5000,5,0.5,0.2,2,mild,False,0.07,0.05,0.5,42,3272649230,"[1096927408, 1870767175, 2009200821, 3949612110, 2072437555]",13,0.7796610118012066,0.919999999632,0.6764705880363322,16,0.624999999609375,0.29411764697231835,0.399999995488,521.875,"[0.19524344926139553, 0.19524344926139553, 0.20191795964742043, 0.20567718218236802, 0.20191795964742043]",330,20.43769669532776,4.563557863235474,0.0037202835083007812,5,"ablation only -- requires ground truth, not deployable"
factorial_ablation,factorial_default_2b13c41e0b,10,no_agg_equal,off,equal,global_graph,true_dag,0.0,[],20,5000,5,0.5,0.2,2,mild,False,0.07,0.05,0.5,42,2300607315,"[4241984938, 2155925231, 3847631312, 3553106830, 3659709186]",31,0.6075949318442557,0.7999999997333334,0.48979591826738855,0,0.0,0.0,0.0,560.625,"[0.2, 0.2, 0.2, 0.2, 0.2]",0,27.802157640457153,5.8137500286102295,0.0007722377777099609,5,"Dir_F1=0 BY CONSTRUCTION -- no Sepsets aggregated/passed to orientation; definitional, not empirical evidence about weighting."
factorial_ablation,factorial_default_2b13c41e0b,10,agg_equal,on,equal,global_graph,true_dag,0.0,[],20,5000,5,0.5,0.2,2,mild,False,0.07,0.05,0.5,42,2300607315,"[4241984938, 2155925231, 3847631312, 3553106830, 3659709186]",31,0.6075949318442557,0.7999999997333334,0.48979591826738855,24,0.49999999979166665,0.24489795913369428,0.32876711878401205,560.625,"[0.2, 0.2, 0.2, 0.2, 0.2]",324,27.80591607093811,5.8175084590911865,0.004530668258666992,5,
factorial_ablation,factorial_default_2b13c41e0b,10,agg_consensus,on,consensus,global_graph,true_dag,0.0,[],20,5000,5,0.5,0.2,2,mild,False,0.07,0.05,0.5,42,2300607315,"[4241984938, 2155925231, 3847631312, 3553106830, 3659709186]",31,0.6075949318442557,0.7999999997333334,0.48979591826738855,24,0.49999999979166665,0.24489795913369428,0.32876711878401205,560.625,"[0.22103705818428596, 0.21279451100771496, 0.19159561756751486, 0.17747941856432994, 0.19709339467615422]",324,27.804803133010864,5.81639552116394,0.0034177303314208984,5,
factorial_ablation,factorial_default_2b13c41e0b,10,agg_oracle,on,oracle,global_graph,true_dag,0.0,[],20,5000,5,0.5,0.2,2,mild,False,0.07,0.05,0.5,42,2300607315,"[4241984938, 2155925231, 3847631312, 3553106830, 3659709186]",31,0.6075949318442557,0.7999999997333334,0.48979591826738855,24,0.49999999979166665,0.24489795913369428,0.32876711878401205,560.625,"[0.21225931856824798, 0.20577850150335608, 0.17040517692168386, 0.20577850150335608, 0.20577850150335608]",324,27.806099891662598,5.817692279815674,0.004714488983154297,5,"ablation only -- requires ground truth, not deployable"
factorial_ablation,factorial_default_2b13c41e0b,11,no_agg_equal,off,equal,global_graph,true_dag,0.0,[],20,5000,5,0.5,0.2,2,mild,False,0.07,0.05,0.5,42,3369939802,"[1010784600, 651584870, 2906827720, 324112771, 1410435562]",11,0.807017538651893,0.919999999632,0.7187499997753906,0,0.0,0.0,0.0,339.375,"[0.2, 0.2, 0.2, 0.2, 0.2]",0,11.790051698684692,2.7330756187438965,0.0007328987121582031,5,"Dir_F1=0 BY CONSTRUCTION -- no Sepsets aggregated/passed to orientation; definitional, not empirical evidence about weighting."
factorial_ablation,factorial_default_2b13c41e0b,11,agg_equal,on,equal,global_graph,true_dag,0.0,[],20,5000,5,0.5,0.2,2,mild,False,0.07,0.05,0.5,42,3369939802,"[1010784600, 651584870, 2906827720, 324112771, 1410435562]",11,0.807017538651893,0.919999999632,0.7187499997753906,19,0.6842105259556787,0.4062499998730469,0.5098039166935794,339.375,"[0.2, 0.2, 0.2, 0.2, 0.2]",332,11.792693376541138,2.735717296600342,0.0033745765686035156,5,
factorial_ablation,factorial_default_2b13c41e0b,11,agg_consensus,on,consensus,global_graph,true_dag,0.0,[],20,5000,5,0.5,0.2,2,mild,False,0.07,0.05,0.5,42,3369939802,"[1010784600, 651584870, 2906827720, 324112771, 1410435562]",11,0.807017538651893,0.919999999632,0.7187499997753906,19,0.6842105259556787,0.4062499998730469,0.5098039166935794,339.375,"[0.17723359597862529, 0.2074941643794225, 0.20547373112707248, 0.1930316173699019, 0.21676689114497785]",332,11.791810274124146,2.7348341941833496,0.002491474151611328,5,
factorial_ablation,factorial_default_2b13c41e0b,11,agg_oracle,on,oracle,global_graph,true_dag,0.0,[],20,5000,5,0.5,0.2,2,mild,False,0.07,0.05,0.5,42,3369939802,"[1010784600, 651584870, 2906827720, 324112771, 1410435562]",11,0.807017538651893,0.919999999632,0.7187499997753906,19,0.6842105259556787,0.4062499998730469,0.5098039166935794,339.375,"[0.1985524769640778, 0.2020511317627003, 0.2124818422725316, 0.18486341723799007, 0.2020511317627003]",332,11.792232751846313,2.7352566719055176,0.002913951873779297,5,"ablation only -- requires ground truth, not deployable"
factorial_ablation,factorial_default_2b13c41e0b,12,no_agg_equal,off,equal,global_graph,true_dag,0.0,[],20,5000,5,0.5,0.2,2,mild,False,0.07,0.05,0.5,42,2639652279,"[3524643482, 3671284802, 2652934256, 2863617527, 3941939487]",17,0.746268651628425,0.8928571425382653,0.6410256408612754,0,0.0,0.0,0.0,439.375,"[0.2, 0.2, 0.2, 0.2, 0.2]",0,14.93494200706482,3.611447811126709,0.0005481243133544922,5,"Dir_F1=0 BY CONSTRUCTION -- no Sepsets aggregated/passed to orientation; definitional, not empirical evidence about weighting."
factorial_ablation,factorial_default_2b13c41e0b,12,agg_equal,on,equal,global_graph,true_dag,0.0,[],20,5000,5,0.5,0.2,2,mild,False,0.07,0.05,0.5,42,2639652279,"[3524643482, 3671284802, 2652934256, 2863617527, 3941939487]",17,0.746268651628425,0.8928571425382653,0.6410256408612754,23,0.7826086953119092,0.46153846142011834,0.5806451564360042,439.375,"[0.2, 0.2, 0.2, 0.2, 0.2]",328,14.937658786773682,3.6141645908355713,0.003264904022216797,5,
factorial_ablation,factorial_default_2b13c41e0b,12,agg_consensus,on,consensus,global_graph,true_dag,0.0,[],20,5000,5,0.5,0.2,2,mild,False,0.07,0.05,0.5,42,2639652279,"[3524643482, 3671284802, 2652934256, 2863617527, 3941939487]",17,0.746268651628425,0.8928571425382653,0.6410256408612754,23,0.7826086953119092,0.46153846142011834,0.5806451564360042,439.375,"[0.19842263646995711, 0.21646900220554105, 0.21134131982838456, 0.20834755109252232, 0.1654194904035949]",328,14.938315629959106,3.614821434020996,0.0039217472076416016,5,
factorial_ablation,factorial_default_2b13c41e0b,12,agg_oracle,on,oracle,global_graph,true_dag,0.0,[],20,5000,5,0.5,0.2,2,mild,False,0.07,0.05,0.5,42,2639652279,"[3524643482, 3671284802, 2652934256, 2863617527, 3941939487]",17,0.746268651628425,0.8928571425382653,0.6410256408612754,23,0.7826086953119092,0.46153846142011834,0.5806451564360042,439.375,"[0.20462750842836566, 0.19487923115415673, 0.18508437546707077, 0.21078137652204126, 0.20462750842836566]",328,14.938174724578857,3.614680528640747,0.003780841827392578,5,"ablation only -- requires ground truth, not deployable"
factorial_ablation,factorial_default_2b13c41e0b,13,no_agg_equal,off,equal,global_graph,true_dag,0.0,[],20,5000,5,0.5,0.2,2,mild,False,0.07,0.05,0.5,42,2441299911,"[1294242650, 856743429, 3465073252, 1425768384, 1922565866]",22,0.6333333282111112,0.7307692304881657,0.5588235292474049,0,0.0,0.0,0.0,497.5,"[0.2, 0.2, 0.2, 0.2, 0.2]",0,17.444738626480103,3.7800047397613525,0.0006666183471679688,5,"Dir_F1=0 BY CONSTRUCTION -- no Sepsets aggregated/passed to orientation; definitional, not empirical evidence about weighting."
factorial_ablation,factorial_default_2b13c41e0b,13,agg_equal,on,equal,global_graph,true_dag,0.0,[],20,5000,5,0.5,0.2,2,mild,False,0.07,0.05,0.5,42,2441299911,"[1294242650, 856743429, 3465073252, 1425768384, 1922565866]",22,0.6333333282111112,0.7307692304881657,0.5588235292474049,24,0.49999999979166665,0.352941176366782,0.41379309845422124,497.5,"[0.2, 0.2, 0.2, 0.2, 0.2]",330,17.448709726333618,3.783975839614868,0.004637718200683594,5,
factorial_ablation,factorial_default_2b13c41e0b,13,agg_consensus,on,consensus,global_graph,true_dag,0.0,[],20,5000,5,0.5,0.2,2,mild,False,0.07,0.05,0.5,42,2441299911,"[1294242650, 856743429, 3465073252, 1425768384, 1922565866]",22,0.6333333282111112,0.7307692304881657,0.5588235292474049,24,0.49999999979166665,0.352941176366782,0.41379309845422124,497.5,"[0.21127930902903386, 0.1892406004096086, 0.21703843556124588, 0.1866630265560919, 0.19577862844401978]",330,17.449193239212036,3.784459352493286,0.0051212310791015625,5,
factorial_ablation,factorial_default_2b13c41e0b,13,agg_oracle,on,oracle,global_graph,true_dag,0.0,[],20,5000,5,0.5,0.2,2,mild,False,0.07,0.05,0.5,42,2441299911,"[1294242650, 856743429, 3465073252, 1425768384, 1922565866]",22,0.6333333282111112,0.7307692304881657,0.5588235292474049,24,0.49999999979166665,0.352941176366782,0.41379309845422124,497.5,"[0.19002013531997397, 0.21087773727697004, 0.20312120769549882, 0.18543229314746673, 0.21054862656009055]",330,17.448773622512817,3.7840397357940674,0.0047016143798828125,5,"ablation only -- requires ground truth, not deployable"
factorial_ablation,factorial_default_2b13c41e0b,14,no_agg_equal,off,equal,global_graph,true_dag,0.0,[],20,5000,5,0.5,0.2,2,mild,False,0.07,0.05,0.5,42,3994481062,"[2665456755, 129879859, 3508228812, 330472693, 192406990]",22,0.6071428523341836,0.8499999995749999,0.47222222209104936,0,0.0,0.0,0.0,598.75,"[0.2, 0.2, 0.2, 0.2, 0.2]",0,23.90079975128174,5.065775632858276,0.0005660057067871094,5,"Dir_F1=0 BY CONSTRUCTION -- no Sepsets aggregated/passed to orientation; definitional, not empirical evidence about weighting."
factorial_ablation,factorial_default_2b13c41e0b,14,agg_equal,on,equal,global_graph,true_dag,0.0,[],20,5000,5,0.5,0.2,2,mild,False,0.07,0.05,0.5,42,3994481062,"[2665456755, 129879859, 3508228812, 330472693, 192406990]",22,0.6071428523341836,0.8499999995749999,0.47222222209104936,20,0.549999999725,0.30555555547067903,0.392857138125,598.75,"[0.2, 0.2, 0.2, 0.2, 0.2]",348,23.90391230583191,5.068888187408447,0.003678560256958008,5,
factorial_ablation,factorial_default_2b13c41e0b,14,agg_consensus,on,consensus,global_graph,true_dag,0.0,[],20,5000,5,0.5,0.2,2,mild,False,0.07,0.05,0.5,42,3994481062,"[2665456755, 129879859, 3508228812, 330472693, 192406990]",22,0.6071428523341836,0.8499999995749999,0.47222222209104936,20,0.549999999725,0.30555555547067903,0.392857138125,598.75,"[0.18855054699676485, 0.2127817970262336, 0.2375850347013933, 0.1648562310617504, 0.19622639021385785]",348,23.903652667999268,5.068628549575806,0.0034189224243164062,5,
factorial_ablation,factorial_default_2b13c41e0b,14,agg_oracle,on,oracle,global_graph,true_dag,0.0,[],20,5000,5,0.5,0.2,2,mild,False,0.07,0.05,0.5,42,3994481062,"[2665456755, 129879859, 3508228812, 330472693, 192406990]",22,0.6071428523341836,0.8499999995749999,0.47222222209104936,20,0.549999999725,0.30555555547067903,0.392857138125,598.75,"[0.20420298230589187, 0.19012435238234407, 0.19697513430406738, 0.17120655766841877, 0.23749097333927796]",348,23.904283046722412,5.06925892829895,0.0040493011474609375,5,"ablation only -- requires ground truth, not deployable"
factorial_ablation,factorial_default_2b13c41e0b,15,no_agg_equal,off,equal,global_graph,true_dag,0.0,[],20,5000,5,0.5,0.2,2,mild,False,0.07,0.05,0.5,42,1379989581,"[1677262816, 4010159441, 2024603106, 512078016, 518996891]",22,0.6666666618365474,0.9166666662847222,0.5238095236848073,0,0.0,0.0,0.0,743.125,"[0.2, 0.2, 0.2, 0.2, 0.2]",0,35.83005142211914,8.014871597290039,0.0006153583526611328,5,"Dir_F1=0 BY CONSTRUCTION -- no Sepsets aggregated/passed to orientation; definitional, not empirical evidence about weighting."
factorial_ablation,factorial_default_2b13c41e0b,15,agg_equal,on,equal,global_graph,true_dag,0.0,[],20,5000,5,0.5,0.2,2,mild,False,0.07,0.05,0.5,42,1379989581,"[1677262816, 4010159441, 2024603106, 512078016, 518996891]",22,0.6666666618365474,0.9166666662847222,0.5238095236848073,19,0.6842105259556787,0.3095238094501134,0.4262295037678044,743.125,"[0.2, 0.2, 0.2, 0.2, 0.2]",332,35.833740234375,8.018560409545898,0.004304170608520508,5,
factorial_ablation,factorial_default_2b13c41e0b,15,agg_consensus,on,consensus,global_graph,true_dag,0.0,[],20,5000,5,0.5,0.2,2,mild,False,0.07,0.05,0.5,42,1379989581,"[1677262816, 4010159441, 2024603106, 512078016, 518996891]",22,0.6666666618365474,0.9166666662847222,0.5238095236848073,19,0.6842105259556787,0.3095238094501134,0.4262295037678044,743.125,"[0.18788843445541914, 0.2037844390269421, 0.1926887180143496, 0.20020873747358794, 0.21542967102970137]",332,35.83333349227905,8.018153667449951,0.003897428512573242,5,
factorial_ablation,factorial_default_2b13c41e0b,15,agg_oracle,on,oracle,global_graph,true_dag,0.0,[],20,5000,5,0.5,0.2,2,mild,False,0.07,0.05,0.5,42,1379989581,"[1677262816, 4010159441, 2024603106, 512078016, 518996891]",22,0.6666666618365474,0.9166666662847222,0.5238095236848073,19,0.6842105259556787,0.3095238094501134,0.4262295037678044,743.125,"[0.20819963810617625, 0.19048889372584119, 0.22007897858500786, 0.18492747483603494, 0.19630501474693973]",332,35.833579540252686,8.018399715423584,0.004143476486206055,5,"ablation only -- requires ground truth, not deployable"
factorial_ablation,factorial_default_2b13c41e0b,16,no_agg_equal,off,equal,global_graph,true_dag,0.0,[],20,5000,5,0.5,0.2,2,mild,False,0.07,0.05,0.5,42,105013657,"[2763682154, 2196858112, 2996284069, 2767722299, 403730532]",10,0.8076923025665682,0.9999999995238095,0.6774193546201873,0,0.0,0.0,0.0,396.875,"[0.2, 0.2, 0.2, 0.2, 0.2]",0,12.623359680175781,2.6064138412475586,0.0006110668182373047,5,"Dir_F1=0 BY CONSTRUCTION -- no Sepsets aggregated/passed to orientation; definitional, not empirical evidence about weighting."
factorial_ablation,factorial_default_2b13c41e0b,16,agg_equal,on,equal,global_graph,true_dag,0.0,[],20,5000,5,0.5,0.2,2,mild,False,0.07,0.05,0.5,42,105013657,"[2763682154, 2196858112, 2996284069, 2767722299, 403730532]",10,0.8076923025665682,0.9999999995238095,0.6774193546201873,15,0.8666666660888889,0.41935483857440164,0.5652173866635161,396.875,"[0.2, 0.2, 0.2, 0.2, 0.2]",340,12.626157760620117,2.6092119216918945,0.003409147262573242,5,
factorial_ablation,factorial_default_2b13c41e0b,16,agg_consensus,on,consensus,global_graph,true_dag,0.0,[],20,5000,5,0.5,0.2,2,mild,False,0.07,0.05,0.5,42,105013657,"[2763682154, 2196858112, 2996284069, 2767722299, 403730532]",10,0.8076923025665682,0.9999999995238095,0.6774193546201873,15,0.8666666660888889,0.41935483857440164,0.5652173866635161,396.875,"[0.19596324440800397, 0.21907047857959752, 0.20829152080978322, 0.22570848789341355, 0.15096626830920168]",340,12.626811981201172,2.609866142272949,0.00406336784362793,5,
factorial_ablation,factorial_default_2b13c41e0b,16,agg_oracle,on,oracle,global_graph,true_dag,0.0,[],20,5000,5,0.5,0.2,2,mild,False,0.07,0.05,0.5,42,105013657,"[2763682154, 2196858112, 2996284069, 2767722299, 403730532]",10,0.8076923025665682,0.9999999995238095,0.6774193546201873,15,0.8666666660888889,0.41935483857440164,0.5652173866635161,396.875,"[0.19226660644982935, 0.20281977188259273, 0.21890137667778006, 0.21509115571179596, 0.17092108927800195]",340,12.626598596572876,2.6096527576446533,0.0038499832153320312,5,"ablation only -- requires ground truth, not deployable"
factorial_ablation,factorial_default_2b13c41e0b,17,no_agg_equal,off,equal,global_graph,true_dag,0.0,[],20,5000,5,0.5,0.2,2,mild,False,0.07,0.05,0.5,42,1958526758,"[3165468645, 2996167804, 3761069875, 640953235, 418700992]",19,0.6885245853265253,0.9545454541115702,0.5384615383234714,0,0.0,0.0,0.0,600.0,"[0.2, 0.2, 0.2, 0.2, 0.2]",0,20.433043479919434,4.519983768463135,0.0006015300750732422,5,"Dir_F1=0 BY CONSTRUCTION -- no Sepsets aggregated/passed to orientation; definitional, not empirical evidence about weighting."
factorial_ablation,factorial_default_2b13c41e0b,17,agg_equal,on,equal,global_graph,true_dag,0.0,[],20,5000,5,0.5,0.2,2,mild,False,0.07,0.05,0.5,42,1958526758,"[3165468645, 2996167804, 3761069875, 640953235, 418700992]",19,0.6885245853265253,0.9545454541115702,0.5384615383234714,19,0.5789473681163435,0.2820512819789612,0.3793103402913199,600.0,"[0.2, 0.2, 0.2, 0.2, 0.2]",346,20.436748504638672,4.523688793182373,0.0043065547943115234,5,
factorial_ablation,factorial_default_2b13c41e0b,17,agg_consensus,on,consensus,global_graph,true_dag,0.0,[],20,5000,5,0.5,0.2,2,mild,False,0.07,0.05,0.5,42,1958526758,"[3165468645, 2996167804, 3761069875, 640953235, 418700992]",19,0.6885245853265253,0.9545454541115702,0.5384615383234714,19,0.5789473681163435,0.2820512819789612,0.3793103402913199,600.0,"[0.17521736800877757, 0.22209242478124927, 0.20576254346618297, 0.2133225229085521, 0.18360514083523813]",346,20.436535835266113,4.5234761238098145,0.00409388542175293,5,
factorial_ablation,factorial_default_2b13c41e0b,17,agg_oracle,on,oracle,global_graph,true_dag,0.0,[],20,5000,5,0.5,0.2,2,mild,False,0.07,0.05,0.5,42,1958526758,"[3165468645, 2996167804, 3761069875, 640953235, 418700992]",19,0.6885245853265253,0.9545454541115702,0.5384615383234714,19,0.5789473681163435,0.2820512819789612,0.3793103402913199,600.0,"[0.17872719777083637, 0.19044396530067964, 0.17755713749808846, 0.21690497990878202, 0.2363667195216135]",346,20.437061071395874,4.524001359939575,0.004619121551513672,5,"ablation only -- requires ground truth, not deployable"
factorial_ablation,factorial_default_2b13c41e0b,18,no_agg_equal,off,equal,global_graph,true_dag,0.0,[],20,5000,5,0.5,0.2,2,mild,False,0.07,0.05,0.5,42,1055436232,"[1932641146, 1242753534, 664112000, 924408828, 2148263748]",15,0.736842100264697,0.9545454541115702,0.5999999998285714,0,0.0,0.0,0.0,471.875,"[0.2, 0.2, 0.2, 0.2, 0.2]",0,17.96258807182312,4.11883544921875,0.0005209445953369141,5,"Dir_F1=0 BY CONSTRUCTION -- no Sepsets aggregated/passed to orientation; definitional, not empirical evidence about weighting."
factorial_ablation,factorial_default_2b13c41e0b,18,agg_equal,on,equal,global_graph,true_dag,0.0,[],20,5000,5,0.5,0.2,2,mild,False,0.07,0.05,0.5,42,1055436232,"[1932641146, 1242753534, 664112000, 924408828, 2148263748]",15,0.736842100264697,0.9545454541115702,0.5999999998285714,13,0.8461538455029586,0.3142857141959184,0.4583333291927084,471.875,"[0.2, 0.2, 0.2, 0.2, 0.2]",340,17.965370893478394,4.121618270874023,0.0033037662506103516,5,
factorial_ablation,factorial_default_2b13c41e0b,18,agg_consensus,on,consensus,global_graph,true_dag,0.0,[],20,5000,5,0.5,0.2,2,mild,False,0.07,0.05,0.5,42,1055436232,"[1932641146, 1242753534, 664112000, 924408828, 2148263748]",15,0.736842100264697,0.9545454541115702,0.5999999998285714,13,0.8461538455029586,0.3142857141959184,0.4583333291927084,471.875,"[0.1860122406372915, 0.196871534447472, 0.21559689709104635, 0.21009288478005975, 0.19142644304413045]",340,17.965052604675293,4.121299982070923,0.0029854774475097656,5,
factorial_ablation,factorial_default_2b13c41e0b,18,agg_oracle,on,oracle,global_graph,true_dag,0.0,[],20,5000,5,0.5,0.2,2,mild,False,0.07,0.05,0.5,42,1055436232,"[1932641146, 1242753534, 664112000, 924408828, 2148263748]",15,0.736842100264697,0.9545454541115702,0.5999999998285714,13,0.8461538455029586,0.3142857141959184,0.4583333291927084,471.875,"[0.2111128592936821, 0.2148003504334974, 0.199991092630166, 0.20401713830829601, 0.17007855933435861]",340,17.965517044067383,4.121764421463013,0.0034499168395996094,5,"ablation only -- requires ground truth, not deployable"
factorial_ablation,factorial_default_2b13c41e0b,19,no_agg_equal,off,equal,global_graph,true_dag,0.0,[],20,5000,5,0.5,0.2,2,mild,False,0.07,0.05,0.5,42,3647796832,"[1414595104, 1655825711, 1932653462, 2515275648, 3077046965]",16,0.7575757524609733,0.8928571425382653,0.657894736668975,0,0.0,0.0,0.0,495.625,"[0.2, 0.2, 0.2, 0.2, 0.2]",0,17.745497703552246,3.8955883979797363,0.0005397796630859375,5,"Dir_F1=0 BY CONSTRUCTION -- no Sepsets aggregated/passed to orientation; definitional, not empirical evidence about weighting."
factorial_ablation,factorial_default_2b13c41e0b,19,agg_equal,on,equal,global_graph,true_dag,0.0,[],20,5000,5,0.5,0.2,2,mild,False,0.07,0.05,0.5,42,3647796832,"[1414595104, 1655825711, 1932653462, 2515275648, 3077046965]",16,0.7575757524609733,0.8928571425382653,0.657894736668975,24,0.7499999996875,0.47368421040166203,0.5806451563579604,495.625,"[0.2, 0.2, 0.2, 0.2, 0.2]",324,17.74885630607605,3.89894700050354,0.0038983821868896484,5,
factorial_ablation,factorial_default_2b13c41e0b,19,agg_consensus,on,consensus,global_graph,true_dag,0.0,[],20,5000,5,0.5,0.2,2,mild,False,0.07,0.05,0.5,42,3647796832,"[1414595104, 1655825711, 1932653462, 2515275648, 3077046965]",16,0.7575757524609733,0.8928571425382653,0.657894736668975,24,0.7499999996875,0.47368421040166203,0.5806451563579604,495.625,"[0.16985921473763588, 0.19940365427751305, 0.21107290096269155, 0.2217463182793285, 0.19791791174283088]",324,17.74868130683899,3.8987720012664795,0.0037233829498291016,5,
factorial_ablation,factorial_default_2b13c41e0b,19,agg_oracle,on,oracle,global_graph,true_dag,0.0,[],20,5000,5,0.5,0.2,2,mild,False,0.07,0.05,0.5,42,3647796832,"[1414595104, 1655825711, 1932653462, 2515275648, 3077046965]",16,0.7575757524609733,0.8928571425382653,0.657894736668975,24,0.7499999996875,0.47368421040166203,0.5806451563579604,495.625,"[0.17866068477247077, 0.21608018431186438, 0.2096781649887642, 0.19977827681645752, 0.19580268911044305]",324,17.7491557598114,3.8992464542388916,0.004197835922241211,5,"ablation only -- requires ground truth, not deployable"
