scenario_id,replicate_id,method,evaluation_unit,evaluation_target,p,N,K,tau,edge_prob,ell,noise_regime,mechanism_shift,deletion_probability,alpha,sep_tau_factor,master_seed,replicate_seed,client_seeds,SHD,F1,Precision,Recall,n_oriented,Dir_Prec,Dir_Rec,Dir_F1,communication_bytes,runtime_sum,runtime_parallel_est,server_runtime,n_clients_timed,client_weights,note,n_sepset_pairs_retained
scale_p20_2b13c41e0b,0,centralized,global_graph,true_dag,20,5000,5,0.5,0.2,2,mild,False,0.07,0.05,0.5,42,1864951845,"[2454684367, 652398277, 2502592276, 3646766152, 1162730441]",18.0,0.7499999948533952,0.8437499997363281,0.67499999983125,28,0.7499999997321428,0.52499999986875,0.6176470537975779,0.0,69.46592903137207,69.46592903137207,0.0,1,,,
scale_p20_2b13c41e0b,0,local,mean_local_graph,true_dag,20,5000,5,0.5,0.2,2,mild,False,0.07,0.05,0.5,42,1864951845,"[2454684367, 652398277, 2502592276, 3646766152, 1162730441]",20.0,0.7106976656943705,0.8426440898520836,0.61499999984625,0,0.0,0.0,0.5127680454086685,585.625,23.258687257766724,5.138701677322388,0.009747028350830078,5,,,
scale_p20_2b13c41e0b,0,naive,global_graph,true_dag,20,5000,5,0.5,0.2,2,mild,False,0.07,0.05,0.5,42,1864951845,"[2454684367, 652398277, 2502592276, 3646766152, 1162730441]",19.0,0.7246376760764546,0.8620689652199762,0.62499999984375,0,0.0,0.0,0.0,585.625,23.249465703964233,5.1294801235198975,0.0005254745483398438,5,"[0.2, 0.2, 0.2, 0.2, 0.2]","n_oriented=0 / Dir_F1=0 BY CONSTRUCTION (no Sepsets passed to orientation) -- definitional, not independent evidence of a weighting effect; see factorial ablation for that comparison.",
scale_p20_2b13c41e0b,0,fedpc_consensus,global_graph,true_dag,20,5000,5,0.5,0.2,2,mild,False,0.07,0.05,0.5,42,1864951845,"[2454684367, 652398277, 2502592276, 3646766152, 1162730441]",19.0,0.7246376760764546,0.8620689652199762,0.62499999984375,22,0.6818181815082645,0.37499999990625,0.4838709630072842,585.625,23.252399682998657,5.132414102554321,0.003459453582763672,5,"[0.2097965305427724, 0.20497520155899268, 0.21725992503146851, 0.1739187436683012, 0.19404959919846515]",,328.0
scale_p20_2b13c41e0b,0,fedpc_oracle,global_graph,true_dag,20,5000,5,0.5,0.2,2,mild,False,0.07,0.05,0.5,42,1864951845,"[2454684367, 652398277, 2502592276, 3646766152, 1162730441]",19.0,0.7246376760764546,0.8620689652199762,0.62499999984375,22,0.6818181815082645,0.37499999990625,0.4838709630072842,585.625,23.252723693847656,5.13273811340332,0.0037834644317626953,5,"[0.22444439359694116, 0.19598533094111628, 0.20751145846971208, 0.17043390811046288, 0.20162490888176754]","ablation only -- requires ground truth, not deployable",328.0
scale_p20_2b13c41e0b,1,centralized,global_graph,true_dag,20,5000,5,0.5,0.2,2,mild,False,0.07,0.05,0.5,42,1753431253,"[411884178, 4049297596, 3498196462, 721533652, 1981539257]",4.0,0.9411764653157441,0.9696969694031221,0.9142857140244898,28,0.8571428568367346,0.6857142855183673,0.7619047567246158,0.0,40.04204201698303,40.04204201698303,0.0,1,,,
scale_p20_2b13c41e0b,1,local,mean_local_graph,true_dag,20,5000,5,0.5,0.2,2,mild,False,0.07,0.05,0.5,42,1753431253,"[411884178, 4049297596, 3498196462, 721533652, 1981539257]",7.4,0.8865837051634845,0.9543155691733517,0.8285714283346938,0,0.0,0.0,0.6750287442570038,406.25,11.64456844329834,2.4590296745300293,0.007641792297363281,5,,,
scale_p20_2b13c41e0b,1,naive,global_graph,true_dag,20,5000,5,0.5,0.2,2,mild,False,0.07,0.05,0.5,42,1753431253,"[411884178, 4049297596, 3498196462, 721533652, 1981539257]",7.0,0.892307687062722,0.9666666663444444,0.8285714283346939,0,0.0,0.0,0.0,406.25,11.637582063674927,2.452043294906616,0.0006554126739501953,5,"[0.2, 0.2, 0.2, 0.2, 0.2]","n_oriented=0 / Dir_F1=0 BY CONSTRUCTION (no Sepsets passed to orientation) -- definitional, not independent evidence of a weighting effect; see factorial ablation for that comparison.",
scale_p20_2b13c41e0b,1,fedpc_consensus,global_graph,true_dag,20,5000,5,0.5,0.2,2,mild,False,0.07,0.05,0.5,42,1753431253,"[411884178, 4049297596, 3498196462, 721533652, 1981539257]",7.0,0.892307687062722,0.9666666663444444,0.8285714283346939,28,0.7499999997321428,0.5999999998285714,0.6666666615167549,406.25,11.641568183898926,2.4560294151306152,0.004641532897949219,5,"[0.2002125576371741, 0.19804935940410562, 0.18644634589372955, 0.2093937602049362, 0.2058979768600546]",,324.0
scale_p20_2b13c41e0b,1,fedpc_oracle,global_graph,true_dag,20,5000,5,0.5,0.2,2,mild,False,0.07,0.05,0.5,42,1753431253,"[411884178, 4049297596, 3498196462, 721533652, 1981539257]",7.0,0.892307687062722,0.9666666663444444,0.8285714283346939,28,0.7499999997321428,0.5999999998285714,0.6666666615167549,406.25,11.64176321029663,2.4562244415283203,0.004836559295654297,5,"[0.20251553934107314, 0.21144364302397722, 0.18878975360312644, 0.19473552469074998, 0.20251553934107314]","ablation only -- requires ground truth, not deployable",324.0
scale_p20_2b13c41e0b,2,centralized,global_graph,true_dag,20,5000,5,0.5,0.2,2,mild,False,0.07,0.05,0.5,42,3230817949,"[3115823285, 2663721065, 3596855190, 2526056277, 359831757]",34.0,0.5853658487566925,0.749999999765625,0.479999999904,29,0.5172413791319858,0.29999999994,0.37974683070020837,0.0,133.40478038787842,133.40478038787842,0.0,1,,,
scale_p20_2b13c41e0b,2,local,mean_local_graph,true_dag,20,5000,5,0.5,0.2,2,mild,False,0.07,0.05,0.5,42,3230817949,"[3115823285, 2663721065, 3596855190, 2526056277, 359831757]",34.4,0.5422549478534011,0.8097188154834518,0.4079999999184,0,0.0,0.0,0.34178403337835805,745.0,37.73867321014404,8.037500143051147,0.006841421127319336,5,,,
scale_p20_2b13c41e0b,2,naive,global_graph,true_dag,20,5000,5,0.5,0.2,2,mild,False,0.07,0.05,0.5,42,3230817949,"[3115823285, 2663721065, 3596855190, 2526056277, 359831757]",34.0,0.5405405360116875,0.8333333329861111,0.39999999992,0,0.0,0.0,0.0,745.0,37.732319831848145,8.031146764755249,0.00048804283142089844,5,"[0.2, 0.2, 0.2, 0.2, 0.2]","n_oriented=0 / Dir_F1=0 BY CONSTRUCTION (no Sepsets passed to orientation) -- definitional, not independent evidence of a weighting effect; see factorial ablation for that comparison.",
scale_p20_2b13c41e0b,2,fedpc_consensus,global_graph,true_dag,20,5000,5,0.5,0.2,2,mild,False,0.07,0.05,0.5,42,3230817949,"[3115823285, 2663721065, 3596855190, 2526056277, 359831757]",34.0,0.5405405360116875,0.8333333329861111,0.39999999992,18,0.5555555552469136,0.19999999996,0.2941176430795848,745.0,37.73637413978577,8.035201072692871,0.004542350769042969,5,"[0.19895512088378356, 0.21561679831445704, 0.19924924819194414, 0.22051978614768714, 0.16565904646212826]",,336.0
scale_p20_2b13c41e0b,2,fedpc_oracle,global_graph,true_dag,20,5000,5,0.5,0.2,2,mild,False,0.07,0.05,0.5,42,3230817949,"[3115823285, 2663721065, 3596855190, 2526056277, 359831757]",34.0,0.5405405360116875,0.8333333329861111,0.39999999992,18,0.5555555552469136,0.19999999996,0.2941176430795848,745.0,37.7356858253479,8.034512758255005,0.003854036331176758,5,"[0.19326411241949065, 0.19326411241949065, 0.2218593128910563, 0.18410909096880484, 0.20750337130115765]","ablation only -- requires ground truth, not deployable",336.0
scale_p30_845b4d4967,0,centralized,global_graph,true_dag,30,5000,5,0.5,0.2,2,mild,False,0.07,0.05,0.5,42,3506578013,"[2297140385, 453023020, 3494972598, 2670446428, 2385017689]",52.0,0.6176470539446368,0.7777777776337449,0.5121951218887567,44,0.6363636362190083,0.3414634145925045,0.44444443982867227,0.0,237.7963535785675,237.7963535785675,0.0,1,,,
scale_p30_845b4d4967,0,local,mean_local_graph,true_dag,30,5000,5,0.5,0.2,2,mild,False,0.07,0.05,0.5,42,3506578013,"[2297140385, 453023020, 3494972598, 2670446428, 2385017689]",55.2,0.5533308920294887,0.8233958878954007,0.4170731706808447,0,0.0,0.0,0.3344245537134224,1300.0,63.29278516769409,14.098764419555664,0.014362573623657227,5,,,
scale_p30_845b4d4967,0,naive,global_graph,true_dag,30,5000,5,0.5,0.2,2,mild,False,0.07,0.05,0.5,42,3506578013,"[2297140385, 453023020, 3494972598, 2670446428, 2385017689]",54.0,0.5645161244614985,0.8333333331349206,0.4268292682406306,0,0.0,0.0,0.0,1300.0,63.27920866012573,14.085187911987305,0.0007860660552978516,5,"[0.2, 0.2, 0.2, 0.2, 0.2]","n_oriented=0 / Dir_F1=0 BY CONSTRUCTION (no Sepsets passed to orientation) -- definitional, not independent evidence of a weighting effect; see factorial ablation for that comparison.",
scale_p30_845b4d4967,0,fedpc_consensus,global_graph,true_dag,30,5000,5,0.5,0.2,2,mild,False,0.07,0.05,0.5,42,3506578013,"[2297140385, 453023020, 3494972598, 2670446428, 2385017689]",54.0,0.5645161244614985,0.8333333331349206,0.4268292682406306,32,0.5937499998144531,0.23170731704491376,0.33333332923668824,1300.0,63.28742265701294,14.093401908874512,0.009000062942504883,5,"[0.19511185698413477, 0.21491450612987245, 0.18580684560479394, 0.2024414841903205, 0.20172530709087844]",,798.0
scale_p30_845b4d4967,0,fedpc_oracle,global_graph,true_dag,30,5000,5,0.5,0.2,2,mild,False,0.07,0.05,0.5,42,3506578013,"[2297140385, 453023020, 3494972598, 2670446428, 2385017689]",54.0,0.5645161244614985,0.8333333331349206,0.4268292682406306,32,0.5937499998144531,0.23170731704491376,0.33333332923668824,1300.0,63.287689208984375,14.093668460845947,0.00926661491394043,5,"[0.19625243362786862, 0.19625243362786862, 0.19825732121111472, 0.18562567749372413, 0.223612134039424]","ablation only -- requires ground truth, not deployable",798.0
scale_p30_845b4d4967,1,centralized,global_graph,true_dag,30,5000,5,0.5,0.2,2,mild,False,0.07,0.05,0.5,42,3678894355,"[1886932286, 234938927, 2563486251, 1677718366, 228410887]",67.0,0.5037036990902607,0.7234042551652331,0.3863636363197314,42,0.47619047607709747,0.22727272724690084,0.307692303271006,0.0,316.39949011802673,316.39949011802673,0.0,1,,,
scale_p30_845b4d4967,1,local,mean_local_graph,true_dag,30,5000,5,0.5,0.2,2,mild,False,0.07,0.05,0.5,42,3678894355,"[1886932286, 234938927, 2563486251, 1677718366, 228410887]",73.0,0.4082629352534898,0.7125939334443683,0.2863636363310951,0,0.0,0.0,0.22325883690214968,1379.375,71.28626441955566,14.613845825195312,0.008458852767944336,5,,,
scale_p30_845b4d4967,1,naive,global_graph,true_dag,30,5000,5,0.5,0.2,2,mild,False,0.07,0.05,0.5,42,3678894355,"[1886932286, 234938927, 2563486251, 1677718366, 228410887]",71.0,0.4227642235018839,0.742857142644898,0.2954545454209711,0,0.0,0.0,0.0,1379.375,71.27845764160156,14.606039047241211,0.0006520748138427734,5,"[0.2, 0.2, 0.2, 0.2, 0.2]","n_oriented=0 / Dir_F1=0 BY CONSTRUCTION (no Sepsets passed to orientation) -- definitional, not independent evidence of a weighting effect; see factorial ablation for that comparison.",
scale_p30_845b4d4967,1,fedpc_consensus,global_graph,true_dag,30,5000,5,0.5,0.2,2,mild,False,0.07,0.05,0.5,42,3678894355,"[1886932286, 234938927, 2563486251, 1677718366, 228410887]",71.0,0.4227642235018839,0.742857142644898,0.2954545454209711,25,0.559999999776,0.15909090907283058,0.2477876071297674,1379.375,71.28679251670837,14.614373922348022,0.008986949920654297,5,"[0.19201345959103613, 0.20172673104313865, 0.203722923816466, 0.18624411365312057, 0.21629277189623874]",,808.0
scale_p30_845b4d4967,1,fedpc_oracle,global_graph,true_dag,30,5000,5,0.5,0.2,2,mild,False,0.07,0.05,0.5,42,3678894355,"[1886932286, 234938927, 2563486251, 1677718366, 228410887]",71.0,0.4227642235018839,0.742857142644898,0.2954545454209711,25,0.559999999776,0.15909090907283058,0.2477876071297674,1379.375,71.28630065917969,14.613882064819336,0.008495092391967773,5,"[0.19178568692351128, 0.2201621408611827, 0.18862877494602615, 0.18862877494602615, 0.21079462232325374]","ablation only -- requires ground truth, not deployable",808.0
scale_p30_845b4d4967,2,centralized,global_graph,true_dag,30,5000,5,0.5,0.2,2,mild,False,0.07,0.05,0.5,42,340435984,"[456993746, 3296403709, 3823674936, 3821223963, 1952631393]",91.0,0.31578946983096845,0.6176470586418685,0.21212121209978574,30,0.3999999998666667,0.12121212119987756,0.1860465080295656,0.0,524.0707602500916,524.0707602500916,0.0,1,,,
scale_p30_845b4d4967,2,local,mean_local_graph,true_dag,30,5000,5,0.5,0.2,2,mild,False,0.07,0.05,0.5,42,340435984,"[456993746, 3296403709, 3823674936, 3821223963, 1952631393]",86.0,0.34633012702938576,0.701632710591962,0.23030303027976737,0,0.0,0.0,0.1661953691989851,1746.875,109.34821772575378,23.336652517318726,0.01057577133178711,5,,,
scale_p30_845b4d4967,2,naive,global_graph,true_dag,30,5000,5,0.5,0.2,2,mild,False,0.07,0.05,0.5,42,340435984,"[456993746, 3296403709, 3823674936, 3821223963, 1952631393]",85.0,0.34108526769545106,0.7333333330888888,0.22222222219977555,0,0.0,0.0,0.0,1746.875,109.33837556838989,23.326810359954834,0.0007336139678955078,5,"[0.2, 0.2, 0.2, 0.2, 0.2]","n_oriented=0 / Dir_F1=0 BY CONSTRUCTION (no Sepsets passed to orientation) -- definitional, not independent evidence of a weighting effect; see factorial ablation for that comparison.",
scale_p30_845b4d4967,2,fedpc_consensus,global_graph,true_dag,30,5000,5,0.5,0.2,2,mild,False,0.07,0.05,0.5,42,340435984,"[456993746, 3296403709, 3823674936, 3821223963, 1952631393]",85.0,0.34108526769545106,0.7333333330888888,0.22222222219977555,25,0.439999999824,0.11111111109988778,0.17741935159079092,1746.875,109.35067534446716,23.339110136032104,0.013033390045166016,5,"[0.1767565044167585, 0.1914244554640743, 0.19778584543401304, 0.23540171842747581, 0.1986314762576783]",,816.0
scale_p30_845b4d4967,2,fedpc_oracle,global_graph,true_dag,30,5000,5,0.5,0.2,2,mild,False,0.07,0.05,0.5,42,340435984,"[456993746, 3296403709, 3823674936, 3821223963, 1952631393]",85.0,0.34108526769545106,0.7333333330888888,0.22222222219977555,25,0.439999999824,0.11111111109988778,0.17741935159079092,1746.875,109.35166096687317,23.34009575843811,0.014019012451171875,5,"[0.2211725888647897, 0.20790330173915267, 0.15481385228931654, 0.19317830891159035, 0.22293194819515072]","ablation only -- requires ground truth, not deployable",816.0
scale_p50_7dd1d9eadd,0,centralized,global_graph,true_dag,50,5000,5,0.5,0.2,2,mild,False,0.07,0.05,0.5,42,1213452750,"[2799248203, 4056713104, 781307174, 1590571337, 900110911]",217.0,0.26936026615832853,0.6779661015800057,0.16806722688369466,46,0.49999999989130434,0.09663865545812442,0.1619718282597699,0.0,1308.7035636901855,1308.7035636901855,0.0,1,,,
scale_p50_7dd1d9eadd,0,local,mean_local_graph,true_dag,50,5000,5,0.5,0.2,2,mild,False,0.07,0.05,0.5,42,1213452750,"[2799248203, 4056713104, 781307174, 1590571337, 900110911]",213.6,0.25522021293889974,0.7524976509948649,0.1537815125985806,0,0.0,0.0,0.13013737931919628,5493.625,323.8103415966034,65.80506229400635,0.015885353088378906,5,,,
scale_p50_7dd1d9eadd,0,naive,global_graph,true_dag,50,5000,5,0.5,0.2,2,mild,False,0.07,0.05,0.5,42,1213452750,"[2799248203, 4056713104, 781307174, 1590571337, 900110911]",214.0,0.24647887050733983,0.7608695650519849,0.14705882352323282,0,0.0,0.0,0.0,5493.625,323.7954125404358,65.79013323783875,0.0009562969207763672,5,"[0.2, 0.2, 0.2, 0.2, 0.2]","n_oriented=0 / Dir_F1=0 BY CONSTRUCTION (no Sepsets passed to orientation) -- definitional, not independent evidence of a weighting effect; see factorial ablation for that comparison.",
scale_p50_7dd1d9eadd,0,fedpc_consensus,global_graph,true_dag,50,5000,5,0.5,0.2,2,mild,False,0.07,0.05,0.5,42,1213452750,"[2799248203, 4056713104, 781307174, 1590571337, 900110911]",214.0,0.24647887050733983,0.7608695650519849,0.14705882352323282,29,0.5517241377407848,0.06722689075347786,0.11985018532059645,5493.625,323.8212196826935,65.81594038009644,0.026763439178466797,5,"[0.2080438358064135, 0.20295565708984134, 0.1865135936478438, 0.19553682748792822, 0.2069500859679733]",,2368.0
scale_p50_7dd1d9eadd,0,fedpc_oracle,global_graph,true_dag,50,5000,5,0.5,0.2,2,mild,False,0.07,0.05,0.5,42,1213452750,"[2799248203, 4056713104, 781307174, 1590571337, 900110911]",214.0,0.24647887050733983,0.7608695650519849,0.14705882352323282,29,0.5517241377407848,0.06722689075347786,0.11985018532059645,5493.625,323.8181645870209,65.81288528442383,0.023708343505859375,5,"[0.16833023490415197, 0.20932970928178923, 0.2313845182872411, 0.20496120919932223, 0.18599432832749555]","ablation only -- requires ground truth, not deployable",2368.0
scale_p50_7dd1d9eadd,1,centralized,global_graph,true_dag,50,5000,5,0.5,0.2,2,mild,False,0.07,0.05,0.5,42,1180318190,"[1560936023, 3540364898, 885815904, 4094897670, 3803031287]",219.0,0.2525597242982446,0.8043478259120983,0.14979757084413775,32,0.49999999984375,0.0647773279326001,0.11469533846276385,0.0,1609.1928944587708,1609.1928944587708,0.0,1,,,
scale_p50_7dd1d9eadd,1,local,mean_local_graph,true_dag,50,5000,5,0.5,0.2,2,mild,False,0.07,0.05,0.5,42,1180318190,"[1560936023, 3540364898, 885815904, 4094897670, 3803031287]",223.2,0.23037672060913925,0.777919867812295,0.13522267205930272,0,0.0,0.0,0.09945441639532485,5835.625,384.6170916557312,80.45740795135498,0.01028585433959961,5,,,
scale_p50_7dd1d9eadd,1,naive,global_graph,true_dag,50,5000,5,0.5,0.2,2,mild,False,0.07,0.05,0.5,42,1180318190,"[1560936023, 3540364898, 885815904, 4094897670, 3803031287]",222.0,0.2291666642088638,0.8048780485841761,0.1336032388609877,0,0.0,0.0,0.0,5835.625,384.6076805591583,80.4479968547821,0.0008747577667236328,5,"[0.2, 0.2, 0.2, 0.2, 0.2]","n_oriented=0 / Dir_F1=0 BY CONSTRUCTION (no Sepsets passed to orientation) -- definitional, not independent evidence of a weighting effect; see factorial ablation for that comparison.",
scale_p50_7dd1d9eadd,1,fedpc_consensus,global_graph,true_dag,50,5000,5,0.5,0.2,2,mild,False,0.07,0.05,0.5,42,1180318190,"[1560936023, 3540364898, 885815904, 4094897670, 3803031287]",222.0,0.2291666642088638,0.8048780485841761,0.1336032388609877,21,0.5238095235600907,0.044534412953662575,0.08208955078831591,5835.625,384.63327527046204,80.47359156608582,0.02646946907043457,5,"[0.20637407553153328, 0.21131759870324635, 0.19886076110911674, 0.21282576388472849, 0.170621800771375]",,2374.0
scale_p50_7dd1d9eadd,1,fedpc_oracle,global_graph,true_dag,50,5000,5,0.5,0.2,2,mild,False,0.07,0.05,0.5,42,1180318190,"[1560936023, 3540364898, 885815904, 4094897670, 3803031287]",222.0,0.2291666642088638,0.8048780485841761,0.1336032388609877,21,0.5238095235600907,0.044534412953662575,0.08208955078831591,5835.625,384.63195729255676,80.47227358818054,0.025151491165161133,5,"[0.22227419066782736, 0.18199183404268374, 0.2068710706234026, 0.2068710706234026, 0.18199183404268374]","ablation only -- requires ground truth, not deployable",2374.0
scale_p50_7dd1d9eadd,2,centralized,global_graph,true_dag,50,5000,5,0.5,0.2,2,mild,False,0.07,0.05,0.5,42,349123504,"[1680780112, 2700826140, 844468185, 444948816, 3974153602]",249.0,0.18892507856422883,0.5471698112175151,0.11417322834196168,40,0.3999999999,0.06299212598177197,0.1088435350566894,0.0,1519.1016826629639,1519.1016826629639,0.0,1,,,
scale_p50_7dd1d9eadd,2,local,mean_local_graph,true_dag,50,5000,5,0.5,0.2,2,mild,False,0.07,0.05,0.5,42,349123504,"[1680780112, 2700826140, 844468185, 444948816, 3974153602]",245.4,0.1879437099157292,0.5894594950539609,0.11181102361764524,0,0.0,0.0,0.10940261260888258,5717.125,340.65395951271057,69.91445302963257,0.01399087905883789,5,,,
scale_p50_7dd1d9eadd,2,naive,global_graph,true_dag,50,5000,5,0.5,0.2,2,mild,False,0.07,0.05,0.5,42,349123504,"[1680780112, 2700826140, 844468185, 444948816, 3974153602]",247.0,0.17940199070827037,0.5744680849841557,0.10629921259424019,0,0.0,0.0,0.0,5717.125,340.6406846046448,69.90117812156677,0.0007159709930419922,5,"[0.2, 0.2, 0.2, 0.2, 0.2]","n_oriented=0 / Dir_F1=0 BY CONSTRUCTION (no Sepsets passed to orientation) -- definitional, not independent evidence of a weighting effect; see factorial ablation for that comparison.",
scale_p50_7dd1d9eadd,2,fedpc_consensus,global_graph,true_dag,50,5000,5,0.5,0.2,2,mild,False,0.07,0.05,0.5,42,349123504,"[1680780112, 2700826140, 844468185, 444948816, 3974153602]",247.0,0.17940199070827037,0.5744680849841557,0.10629921259424019,33,0.4242424241138659,0.055118110234050464,0.09756097356772576,5717.125,340.66490054130554,69.92539405822754,0.024931907653808594,5,"[0.20060049647836287, 0.222299014484726, 0.17653852543975762, 0.1976172519838246, 0.20294471161332897]",,2374.0
scale_p50_7dd1d9eadd,2,fedpc_oracle,global_graph,true_dag,50,5000,5,0.5,0.2,2,mild,False,0.07,0.05,0.5,42,349123504,"[1680780112, 2700826140, 844468185, 444948816, 3974153602]",247.0,0.17940199070827037,0.5744680849841557,0.10629921259424019,33,0.4242424241138659,0.055118110234050464,0.09756097356772576,5717.125,340.6668665409088,69.92736005783081,0.026897907257080078,5,"[0.1970673288459321, 0.19576008639077375, 0.22031112031411795, 0.207229612687109, 0.1796318517620671]","ablation only -- requires ground truth, not deployable",2374.0
