scenario,rep,method,SHD,F1,Precision,Recall,n_oriented,Dir_Prec,Dir_Rec,Dir_F1,Comm,Runtime
p20_K2,0,local,31.0,0.6356589095804261,0.6437889958759031,0.6279069765981611,0,0.0,0.0,0.1984451695606445,152.5,6.402395248413086
p20_K2,1,local,22.0,0.7289377237646755,0.722488038099617,0.737499999815625,0,0.0,0.0,0.3822222185554788,150.0,2.5772440433502197
p20_K2,2,local,38.5,0.5442576982190751,0.7073863634187489,0.4423076922226331,0,0.0,0.0,0.2049837450256498,128.75,4.7325780391693115
p20_K2,3,local,15.0,0.7502780815181805,0.752232142604532,0.74999999975,0,0.0,0.0,0.5115646210356303,122.5,1.5014927387237549
p20_K2,4,local,33.5,0.6084815270070323,0.5983086679384098,0.6190476189002267,0,0.0,0.0,0.1818796448937503,156.25,3.2109715938568115
p20_K2,5,local,20.0,0.6969696917630854,0.6764705880363322,0.7187499997753906,0,0.0,0.0,0.43725574874435713,132.5,2.7034809589385986
p20_K2,6,local,26.0,0.7012557780598095,0.7272727270989152,0.6777777776271605,0,0.0,0.0,0.18019480206381241,152.5,3.620596408843994
p20_K2,7,local,45.0,0.5112844095512532,0.6198891197254914,0.43518518510459536,0,0.0,0.0,0.20372208177361478,142.5,4.273068428039551
p20_K2,8,local,26.5,0.6243961300966476,0.6037593983302674,0.6470588233391004,0,0.0,0.0,0.44448979143862394,138.75,2.6864254474639893
p20_K2,9,local,48.0,0.47246376302794235,0.499999999883658,0.4479166665733507,0,0.0,0.0,0.1412907242130016,155.0,5.021444797515869
p20_K2,10,local,27.5,0.640635675019278,0.7317290550398765,0.569767441727961,0,0.0,0.0,0.18954248064356777,131.25,4.665733814239502
p20_K2,11,local,21.5,0.7028930286929185,0.6794871793058295,0.7285714283632653,0,0.0,0.0,0.37499999589409727,141.25,1.6523380279541016
p20_K2,12,local,22.0,0.6129429840073828,0.6243589741350756,0.6034482756539834,0,0.0,0.0,0.37289972446154185,117.5,2.3565175533294678
p20_K2,13,local,22.0,0.7214743537998265,0.7501732499756537,0.6951219510499702,0,0.0,0.0,0.2570643610714702,142.5,2.535236120223999
p20_K2,14,local,22.5,0.6717948666111788,0.6706281831640633,0.6764705880363322,0,0.0,0.0,0.18881505762204617,133.75,2.364290714263916
p20_K2,15,local,24.0,0.6843289991637614,0.7227799225788405,0.6499999998375,0,0.0,0.0,0.377201724137743,137.5,2.2838823795318604
p20_K2,16,local,21.5,0.7184615332865167,0.7530075185904546,0.687499999828125,0,0.0,0.0,0.3047895463300971,138.75,2.3934528827667236
p20_K2,17,local,23.0,0.7047509400774583,0.704605262977242,0.705128204947403,0,0.0,0.0,0.4617844535979246,145.0,2.265782356262207
p20_K2,18,local,20.0,0.7526307710874667,0.7438878948688205,0.762499999809375,0,0.0,0.0,0.39962893885064976,150.0,2.6710550785064697
p20_K2,19,local,16.5,0.7625258747106487,0.7259759757770552,0.8030303027869605,0,0.0,0.0,0.46640315794565024,138.75,2.2977213859558105
p20_K5,0,local,17.4,0.7322511260101533,0.7685641996247417,0.6999999997941176,0,0.0,0.0,0.4673500164811921,312.5,3.6465442180633545
p20_K5,1,local,34.2,0.5344006055971852,0.572979368652233,0.50256410243524,0,0.0,0.0,0.19744112713621303,333.75,5.853643894195557
p20_K5,2,local,19.4,0.6978329145577952,0.7188074710331815,0.6787878785821855,0,0.0,0.0,0.3434719885389702,313.75,3.6685545444488525
p20_K5,3,local,27.6,0.6617494498654449,0.7807045240079933,0.5744680849841557,0,0.0,0.0,0.2929803815428041,335.0,7.468756914138794
p20_K5,4,local,37.8,0.5000122526691391,0.6169658117632394,0.42222222212839505,0,0.0,0.0,0.26071947235637816,311.25,6.990684747695923
p20_K5,5,local,5.4,0.9119936488833504,0.9862068962040812,0.8484848482277318,0,0.0,0.0,0.5894706041861356,296.25,3.513777732849121
p20_K5,6,local,8.2,0.8554580843719893,0.848690318003437,0.8642857139770408,0,0.0,0.0,0.6211576944324944,297.5,2.5399463176727295
p20_K5,7,local,26.6,0.6554029196223302,0.7612935004851017,0.5772727271415289,0,0.0,0.0,0.40235196673647894,327.5,3.9894747734069824
p20_K5,8,local,19.4,0.7104556217936822,0.7216125538935358,0.6999999997941176,0,0.0,0.0,0.33424188106355696,325.0,5.462891578674316
p20_K5,9,local,16.8,0.7353247282887151,0.7643536586974944,0.7090909088760331,0,0.0,0.0,0.4059700793795672,310.0,4.897006273269653
p20_K5,10,local,23.4,0.6611229515069135,0.7366448829652384,0.5999999998421053,0,0.0,0.0,0.22555082410559768,312.5,4.027336597442627
p20_K5,11,local,15.6,0.7589717174981894,0.7277021260895415,0.7935483868407908,0,0.0,0.0,0.5034160710465531,330.0,2.6968562602996826
p20_K5,12,local,22.8,0.6905405353928964,0.7574054619586492,0.63499999984125,0,0.0,0.0,0.39350211480858793,328.75,3.776777744293213
p20_K5,13,local,18.6,0.7337323863018853,0.715939357998935,0.7529411762491349,0,0.0,0.0,0.45531449280202185,342.5,4.060686111450195
p20_K5,14,local,18.0,0.7324226747773117,0.7015767570371408,0.7687499997597655,0,0.0,0.0,0.4570482904179681,338.75,3.091735363006592
p20_K5,15,local,27.8,0.6448862793389072,0.7187456685397015,0.586046511491617,0,0.0,0.0,0.24930998597698845,338.75,8.166049003601074
p20_K5,16,local,20.0,0.7055003767850623,0.7503676468234902,0.6666666664814814,0,0.0,0.0,0.37388102068236023,318.75,3.4553897380828857
p20_K5,17,local,24.6,0.6398759367517675,0.7760968975105722,0.54499999986375,0,0.0,0.0,0.22139307573310107,295.0,4.865217208862305
p20_K5,18,local,26.4,0.6048140200352992,0.7039396549255328,0.5315789472285318,0,0.0,0.0,0.27864047655806823,298.75,4.5378618240356445
p20_K5,19,local,23.0,0.6394604026736562,0.7104178067208048,0.5828571426906122,0,0.0,0.0,0.28674810994806804,298.75,5.6304333209991455
p20_K10,0,local,13.3,0.7680245159255816,0.8343944096214001,0.7129032255764828,0,0.0,0.0,0.5120922472874551,568.75,7.6198179721832275
p20_K10,1,local,20.9,0.7244257880125415,0.8368599177687177,0.6395348835722012,0,0.0,0.0,0.27687289909610946,648.75,6.586542844772339
p20_K10,2,local,16.5,0.7191106110547099,0.7124839330738905,0.7275862066456599,0,0.0,0.0,0.4427410800191378,608.75,4.760455369949341
p20_K10,3,local,30.8,0.5980641582942973,0.6835409817943896,0.532558139411033,0,0.0,0.0,0.22052912270149844,657.5,6.702427625656128
p20_K10,4,local,39.3,0.48856107971402407,0.5897953551845054,0.4177777776849383,0,0.0,0.0,0.2949663682613138,636.25,10.736517906188965
p20_K10,5,local,16.9,0.7076597121487535,0.8604850765978694,0.6029411762932526,0,0.0,0.0,0.2916188307311476,536.25,7.14901876449585
p20_K10,6,local,8.2,0.8493442472933698,0.8813550702938484,0.8214285711352041,0,0.0,0.0,0.34843113037254636,565.0,5.873876094818115
p20_K10,7,local,24.1,0.6129952177342733,0.6526296691891653,0.5787878786124885,0,0.0,0.0,0.290866514881294,603.75,7.450871467590332
p20_K10,8,local,28.3,0.5996440713325226,0.6914357551104853,0.5299999998675,0,0.0,0.0,0.359351308251282,621.25,10.047771692276001
p20_K10,9,local,11.9,0.8153447627475412,0.8618749780878027,0.7764705880069205,0,0.0,0.0,0.4589642599854241,621.25,6.284939527511597
p20_K10,10,local,19.0,0.7354666974863301,0.8068356606832232,0.6769230767495069,0,0.0,0.0,0.30211153928624584,647.5,6.106629371643066
p20_K10,11,local,19.4,0.6605304432846668,0.6705131711367034,0.651724137706302,0,0.0,0.0,0.2981392282795481,590.0,4.473684310913086
p20_K10,12,local,26.9,0.5864773046981814,0.7343175180846269,0.4897435896180145,0,0.0,0.0,0.27381428474729386,563.75,9.89316177368164
p20_K10,13,local,19.6,0.7046971625328295,0.7964177125310355,0.6324324322615047,0,0.0,0.0,0.18521929745254828,605.0,6.43595552444458
p20_K10,14,local,28.5,0.6266846030214064,0.7416523319024153,0.5431818180583677,0,0.0,0.0,0.2700141335983932,641.25,7.850456476211548
p20_K10,15,local,16.1,0.7510097490078748,0.8775055082226968,0.6567567565792548,0,0.0,0.0,0.502174395279032,583.75,5.2024500370025635
p20_K10,16,local,28.4,0.5791026222012243,0.6900649967348313,0.49999999987179483,0,0.0,0.0,0.2856388556795729,592.5,9.085983037948608
p20_K10,17,local,24.3,0.6085672172710035,0.7332048121401751,0.5222222220771605,0,0.0,0.0,0.32940151037494325,561.25,6.569784164428711
p20_K10,18,local,22.6,0.6722846127557611,0.7738347830984801,0.5948717947192635,0,0.0,0.0,0.2864462591096669,612.5,7.045537233352661
p20_K10,19,local,26.3,0.6031425787012421,0.660431299108734,0.5555555554012347,0,0.0,0.0,0.23238948800139853,616.25,5.417322397232056
p20_N100,0,local,26.2,0.3910802333931785,0.7052447546494143,0.2709677418480749,0,0.0,0.0,0.06800817461292201,193.75,2.165334939956665
p20_N100,1,local,38.2,0.36403522134484934,0.9023931616325085,0.2291666666189236,0,0.0,0.0,0.1542820901808114,195.0,1.3326692581176758
p20_N100,2,local,28.2,0.4548520224029057,0.9271794864378962,0.302564102486522,0,0.0,0.0,0.14046717773310488,198.75,1.4338903427124023
p20_N100,3,local,34.6,0.3649488796016982,0.7967132860622557,0.23809523803854873,0,0.0,0.0,0.07458678724977305,197.5,2.0365986824035645
p20_N100,4,local,39.8,0.3251548768415125,0.8003496496786088,0.2042553191054776,0,0.0,0.0,0.10468782875528267,193.75,1.1877837181091309
p20_N100,5,local,33.4,0.33453688831665684,0.8277777769552468,0.20999999994750002,0,0.0,0.0,0.11464361042888438,182.5,1.2433130741119385
p20_N100,6,local,32.4,0.3132263018909168,0.6733766227431655,0.20555555549845678,0,0.0,0.0,0.06721100384713039,188.75,1.5405004024505615
p20_N100,7,local,32.0,0.3136146155754894,0.7611188802789094,0.19999999994594594,0,0.0,0.0,0.018393233648462032,180.0,1.3430640697479248
p20_N100,8,local,31.6,0.29369230640394745,0.6870634913205784,0.188571428517551,0,0.0,0.0,0.03051281969162231,180.0,1.1594491004943848
p20_N100,9,local,20.4,0.4846055056461543,0.8308158500909695,0.3428571427346939,0,0.0,0.0,0.1343345876799892,191.25,0.7947256565093994
p20_N100,10,local,31.4,0.3902591643091313,0.8038095231199092,0.26153846147140036,0,0.0,0.0,0.07770295565745597,198.75,0.9372580051422119
p20_N100,11,local,19.4,0.4906989444063125,0.8578144069937151,0.3481481480192044,0,0.0,0.0,0.14098762724053113,188.75,0.8852217197418213
p20_N100,12,local,30.4,0.4083961532745294,0.8385173153354513,0.2717948717251808,0,0.0,0.0,0.10040575245686327,197.5,1.160456895828247
p20_N100,13,local,29.8,0.42730736001863223,0.915897435133218,0.27999999993,0,0.0,0.0,0.18398989690235906,195.0,1.0547640323638916
p20_N100,14,local,29.2,0.37426579936172744,0.7424242417865841,0.2514285713567347,0,0.0,0.0,0.12161756309243103,192.5,1.2734673023223877
p20_N100,15,local,44.8,0.2585242579857593,0.587106226661912,0.16595744677320057,0,0.0,0.0,0.08241430527831015,202.5,2.032611131668091
p20_N100,16,local,33.0,0.3900273985343803,0.8092307685962862,0.258536585302796,0,0.0,0.0,0.1115370479463813,201.25,1.1621973514556885
p20_N100,17,local,33.4,0.391528465049387,0.8969963362409649,0.2511627906392645,0,0.0,0.0,0.10530339054121127,193.75,1.6212360858917236
p20_N100,18,local,26.8,0.42085422257399985,0.8678071920107472,0.27999999992,0,0.0,0.0,0.138359520186326,190.0,1.085484504699707
p20_N100,19,local,32.0,0.38439363301402407,0.8387412580291056,0.2499999999375,0,0.0,0.0,0.05355291852194242,193.75,1.2817587852478027
p20_N3000,0,local,25.4,0.5814739555696544,0.6653333330804345,0.5176470586712802,0,0.0,0.0,0.30212176518143574,285.0,5.783877611160278
p20_N3000,1,local,29.2,0.6033467388593501,0.6421101772184087,0.5692307690848126,0,0.0,0.0,0.3551820109087737,335.0,5.785415172576904
p20_N3000,2,local,27.2,0.6162763921261949,0.7598408134544207,0.5190476189240363,0,0.0,0.0,0.14815119603202132,298.75,9.341300964355469
p20_N3000,3,local,30.8,0.553898072590916,0.635522022217258,0.49230769218145953,0,0.0,0.0,0.3000698774889095,307.5,5.537478923797607
p20_N3000,4,local,22.2,0.6233158871338758,0.6134452901367153,0.6344827584019026,0,0.0,0.0,0.43945522490181227,306.25,4.226793050765991
p20_N3000,5,local,19.6,0.6799647998513312,0.7394017091380198,0.6303030301120294,0,0.0,0.0,0.35742432529777646,295.0,3.6623735427856445
p20_N3000,6,local,19.6,0.7135000271145981,0.7542326488376015,0.6777777775895062,0,0.0,0.0,0.36424909498159896,321.25,3.190598249435425
p20_N3000,7,local,32.4,0.5525151186289138,0.6583866330792869,0.47619047607709747,0,0.0,0.0,0.280074287386813,308.75,4.775078058242798
p20_N3000,8,local,34.6,0.486207752183636,0.577010230944662,0.4205128204049967,0,0.0,0.0,0.14366138392750352,296.25,5.7221784591674805
p20_N3000,9,local,23.4,0.6443327557287806,0.6899492231913139,0.6057142855412245,0,0.0,0.0,0.4217687030708338,311.25,3.0527939796447754
p20_N3000,10,local,15.0,0.7747950036838691,0.7920066411227619,0.7588235291885813,0,0.0,0.0,0.2907534525741463,322.5,2.9529097080230713
p20_N3000,11,local,22.2,0.6361325525337255,0.6692775038740895,0.606249999810547,0,0.0,0.0,0.3766476921086762,300.0,3.3458313941955566
p20_N3000,12,local,36.0,0.5265324944163787,0.607664565641138,0.46511627896160085,0,0.0,0.0,0.225069979345813,325.0,6.300733327865601
p20_N3000,13,local,25.6,0.636592885590486,0.7377604743582442,0.5599999998599999,0,0.0,0.0,0.27406220945394766,308.75,5.187173366546631
p20_N3000,14,local,32.6,0.578754573699136,0.6705882350933207,0.5090909089752065,0,0.0,0.0,0.2655676240851551,327.5,4.63631796836853
p20_N3000,15,local,13.0,0.7638383785635516,0.7786324783434623,0.7499999997321428,0,0.0,0.0,0.49943278039300687,287.5,2.7923572063446045
p20_N3000,16,local,10.6,0.7977146810534188,0.8198498165288823,0.7777777774897119,0,0.0,0.0,0.5091753935355561,278.75,2.461721897125244
p20_N3000,17,local,28.2,0.6200091908308882,0.7405874249411986,0.5348837208058409,0,0.0,0.0,0.26826916855812416,313.75,6.573779106140137
p20_N3000,18,local,23.4,0.619171844757959,0.647276868257428,0.5937499998144531,0,0.0,0.0,0.33016249028586153,302.5,3.7228317260742188
p20_N3000,19,local,23.2,0.6746439539197419,0.7720966252347576,0.5999999998499999,0,0.0,0.0,0.34499334908777185,313.75,5.082859754562378
p20_N5000,0,local,27.4,0.5675665581399849,0.5925850750923333,0.5454545452892562,0,0.0,0.0,0.267718711953269,308.75,4.039352893829346
p20_N5000,1,local,12.4,0.7829098555872511,0.7939792005941229,0.7724137928370987,0,0.0,0.0,0.49016752192297186,295.0,3.362020492553711
p20_N5000,2,local,19.2,0.6769233725134675,0.7903678926648086,0.5941176468840831,0,0.0,0.0,0.4660660408279752,278.75,4.779633522033691
p20_N5000,3,local,26.6,0.6582246764595554,0.7382631255490267,0.5953488370708492,0,0.0,0.0,0.34043175691051103,336.25,6.190227031707764
p20_N5000,4,local,28.8,0.599928901625921,0.6358975283569624,0.5684210524819945,0,0.0,0.0,0.31596668013074064,331.25,6.326998233795166
p20_N5000,5,local,20.6,0.7185617856783316,0.7671337406600122,0.6769230767495069,0,0.0,0.0,0.4308940149944548,333.75,4.652676820755005
p20_N5000,6,local,27.4,0.6226070785467638,0.6944892470977656,0.56499999985875,0,0.0,0.0,0.2715316351376915,322.5,6.145673036575317
p20_N5000,7,local,30.2,0.634572537339572,0.6802532125921096,0.5954545453192148,0,0.0,0.0,0.3012696943177324,360.0,6.0058839321136475
p20_N5000,8,local,16.6,0.756261993654545,0.7770388622314011,0.7371428569322449,0,0.0,0.0,0.36156784854470725,326.25,5.183002710342407
p20_N5000,9,local,22.4,0.7200561011487444,0.7204681495560319,0.71999999982,0,0.0,0.0,0.32915859044570267,368.75,5.263647079467773
p20_N5000,10,local,27.6,0.6386714644693662,0.7539556274720833,0.5545454544194215,0,0.0,0.0,0.24275936872889683,321.25,6.054235458374023
p20_N5000,11,local,30.6,0.5793122984265162,0.6487596551753722,0.52499999986875,0,0.0,0.0,0.2306732447713821,322.5,5.689478158950806
p20_N5000,12,local,26.0,0.63061872110807,0.7573577554850794,0.541463414502082,0,0.0,0.0,0.24585435184781007,302.5,5.767380714416504
p20_N5000,13,local,27.4,0.6208930649973077,0.6768362773165835,0.5743589742117028,0,0.0,0.0,0.33436471735397955,326.25,8.331178188323975
p20_N5000,14,local,20.2,0.6886096479911201,0.6994109738482376,0.6787878785821854,0,0.0,0.0,0.46107325562687,318.75,3.5464766025543213
p20_N5000,15,local,16.4,0.7630691961385642,0.8216967082072081,0.7135135133206719,0,0.0,0.0,0.33719948500174224,320.0,4.7139198780059814
p20_N5000,16,local,27.8,0.5728770826906684,0.6030357140891149,0.5470588233685121,0,0.0,0.0,0.29984495739347206,312.5,4.881467580795288
p20_N5000,17,local,35.4,0.5424450316388639,0.6486744373160105,0.4666666665629629,0,0.0,0.0,0.33492315566684894,321.25,7.004980802536011
p20_N5000,18,local,14.8,0.7798849854021047,0.7901515149127856,0.7705882350674741,0,0.0,0.0,0.5634141471975767,326.25,2.453864812850952
p20_N5000,19,local,14.4,0.7756724866890454,0.822712132412048,0.7352941174307959,0,0.0,0.0,0.45352227406767404,308.75,3.843350648880005
p20_phi0.1,0,local,9.8,0.8092185442483982,0.7597905488916193,0.8666666663055554,0,0.0,0.0,0.6629387677151488,290.0,1.6376235485076904
p20_phi0.1,1,local,4.4,0.8769551274921324,0.7984370011844428,0.9749999993906251,0,0.0,0.0,0.6591264314526676,241.25,1.7831547260284424
p20_phi0.1,2,local,6.4,0.8582079807347014,0.8374891771261435,0.8818181814173552,0,0.0,0.0,0.5924374744181329,263.75,1.6377193927764893
p20_phi0.1,3,local,1.8,0.9532990425458555,0.9123308266035697,0.9999999994444444,0,0.0,0.0,0.6408614323946422,242.5,1.50404953956604
p20_phi0.1,4,local,1.2,0.9660317404890779,0.9345029234626724,0.9999999994117645,0,0.0,0.0,0.6659340608542748,232.5,1.3664355278015137
p20_phi0.1,5,local,2.6,0.8487409641730427,0.7427777769761266,0.9999999985714286,0,0.0,0.0,0.4274303421997644,178.75,0.8058493137359619
p20_phi0.1,6,local,6.2,0.8443151915853185,0.8083549779655353,0.8842105258504155,0,0.0,0.0,0.5668965467474119,248.75,1.779188871383667
p20_phi0.1,7,local,0.6,0.9837837782481941,0.9684210521101877,0.9999999994444444,0,0.0,0.0,0.818064510741866,235.0,1.24043607711792
p20_phi0.1,8,local,2.8,0.9375218256459584,0.8913359679962299,0.9904761900045351,0,0.0,0.0,0.767699529720019,265.0,1.4055359363555908
p20_phi0.1,9,local,3.0,0.9044354782978912,0.9224999994001042,0.8874999994453125,0,0.0,0.0,0.6672103897013468,215.0,1.490889310836792
p20_phi0.1,10,local,5.6,0.8618734869953191,0.7782749855348752,0.9666666661296295,0,0.0,0.0,0.6372734201744603,258.75,2.044367551803589
p20_phi0.1,11,local,4.2,0.8751050365474953,0.7964396280466152,0.9733333326844444,0,0.0,0.0,0.4414187597566744,233.75,1.5627267360687256
p20_phi0.1,12,local,3.0,0.9233198326134551,0.8579220775127997,0.9999999994444444,0,0.0,0.0,0.6117773508951506,250.0,1.3642587661743164
p20_phi0.1,13,local,12.2,0.7718522576520377,0.7270147536205267,0.8239999996704,0,0.0,0.0,0.4250559825010004,296.25,3.9001376628875732
p20_phi0.1,14,local,2.2,0.9458536530723439,0.9323809519279138,0.9599999995199999,0,0.0,0.0,0.5600444890758105,247.5,1.973423719406128
p20_phi0.1,15,local,1.6,0.9351727924531936,0.8825641018487735,0.9999999990909089,0,0.0,0.0,0.547354656101972,197.5,0.9573099613189697
p20_phi0.1,16,local,1.4,0.9593277255307612,0.923976607650961,0.9999999993749998,0,0.0,0.0,0.4856766377549581,227.5,1.0481700897216797
p20_phi0.1,17,local,11.4,0.7594961150580691,0.7383422516475537,0.7826086953119092,0,0.0,0.0,0.476885421320364,271.25,2.927532911300659
p20_phi0.1,18,local,5.2,0.8678779445985558,0.8434928225470765,0.8947368416343491,0,0.0,0.0,0.6793010700365627,245.0,1.4122447967529297
p20_phi0.1,19,local,3.8,0.9126413583908555,0.8851684543371562,0.9428571424081632,0,0.0,0.0,0.7077487519318282,258.75,1.6017329692840576
p20_phi0.2,0,local,27.6,0.6097642316940164,0.7014971719540906,0.5399999998649999,0,0.0,0.0,0.3615640929210827,311.25,5.665731430053711
p20_phi0.2,1,local,24.6,0.6651117642712576,0.8039191691823694,0.567441860333153,0,0.0,0.0,0.22272045130002022,308.75,7.926180601119995
p20_phi0.2,2,local,22.4,0.6723224527272883,0.7565628473593122,0.605263157735457,0,0.0,0.0,0.27368177296851715,308.75,4.624598741531372
p20_phi0.2,3,local,33.6,0.5814723296767874,0.6605221384930184,0.5199999998844443,0,0.0,0.0,0.1698977181494079,340.0,8.683093309402466
p20_phi0.2,4,local,18.2,0.7348218664318532,0.7506222941485009,0.7199999997942859,0,0.0,0.0,0.5035379238760384,328.75,3.324491024017334
p20_phi0.2,5,local,9.4,0.8457782425652016,0.8321908599465141,0.8599999997133334,0,0.0,0.0,0.6152247806676344,312.5,1.9896175861358643
p20_phi0.2,6,local,25.8,0.6444648629392169,0.622255048405246,0.6685714283804082,0,0.0,0.0,0.22980403165337945,353.75,6.967047929763794
p20_phi0.2,7,local,14.6,0.7326552463605104,0.7529757340708498,0.7142857140306121,0,0.0,0.0,0.4920467789599532,285.0,2.7544353008270264
p20_phi0.2,8,local,21.2,0.6607484895991902,0.6808622826518812,0.6437499997988281,0,0.0,0.0,0.3325526214427332,308.75,4.0562744140625
p20_phi0.2,9,local,38.0,0.5499700032521533,0.6768378249147202,0.4639999999072,0,0.0,0.0,0.12618135174772344,333.75,7.870258331298828
p20_phi0.2,10,local,15.4,0.7543795938396236,0.7743656970801363,0.7374999997695312,0,0.0,0.0,0.4965986351835096,310.0,3.992743968963623
p20_phi0.2,11,local,23.0,0.622802744676365,0.6550082099547081,0.5937499998144531,0,0.0,0.0,0.2165145861833171,300.0,4.7167558670043945
p20_phi0.2,12,local,13.0,0.792319503233019,0.8672413790069857,0.7294117644913495,0,0.0,0.0,0.35010232125986435,297.5,5.684372901916504
p20_phi0.2,13,local,7.0,0.8848920061732605,0.9309391384041426,0.843749999736328,0,0.0,0.0,0.6471489313527395,300.0,3.308042287826538
p20_phi0.2,14,local,31.8,0.5954039158675261,0.6575635297315348,0.544186046385073,0,0.0,0.0,0.3221646864283435,341.25,5.232490539550781
p20_phi0.2,15,local,27.4,0.6307422107451208,0.6653141451247035,0.5999999998461538,0,0.0,0.0,0.24378931661730796,338.75,7.154797315597534
p20_phi0.2,16,local,39.4,0.43914471861216464,0.5899462757198382,0.34999999992045455,0,0.0,0.0,0.1838537612831936,282.5,8.788437128067017
p20_phi0.2,17,local,27.0,0.5896461963769853,0.703947820551372,0.5105263156551245,0,0.0,0.0,0.3173955761662396,292.5,4.942262887954712
p20_phi0.2,18,local,19.6,0.6644888763285948,0.7653655391496079,0.5878787877006427,0,0.0,0.0,0.4438543055416913,277.5,3.29455828666687
p20_phi0.2,19,local,11.6,0.791734887514516,0.8287472524344304,0.758620689393579,0,0.0,0.0,0.47045381374788586,285.0,4.005856275558472
p20_hetero_None,0,local,33.6,0.5713191399551434,0.6707212883143834,0.49777777766716047,0,0.0,0.0,0.22878997079620428,327.5,8.398245334625244
p20_hetero_None,1,local,20.2,0.7350908997912204,0.7542268090230395,0.7179487177646285,0,0.0,0.0,0.41425734229344047,351.25,5.7652177810668945
p20_hetero_None,2,local,19.2,0.708926362582137,0.7813026817304098,0.6499999998194443,0,0.0,0.0,0.3926433144212438,306.25,4.1508049964904785
p20_hetero_None,3,local,34.6,0.5662677211726717,0.6153669188570984,0.525581395226609,0,0.0,0.0,0.2597640808790963,348.75,7.963147878646851
p20_hetero_None,4,local,21.4,0.7098689546795691,0.7125096523154193,0.7081081079167275,0,0.0,0.0,0.38137349466293063,348.75,4.03707480430603
p20_hetero_None,5,local,30.2,0.61784480832432,0.6978643576645489,0.5545454544194215,0,0.0,0.0,0.1852690299647241,337.5,5.890005111694336
p20_hetero_None,6,local,22.8,0.6896819044177427,0.7788636361242023,0.6195121949708506,0,0.0,0.0,0.3808361939874583,322.5,4.0906593799591064
p20_hetero_None,7,local,18.4,0.7012901494818703,0.7299814606355877,0.6749999997890624,0,0.0,0.0,0.424217095198665,303.75,4.686877250671387
p20_hetero_None,8,local,24.2,0.6491172936052161,0.7735912695731566,0.5599999998599999,0,0.0,0.0,0.25038586410330915,300.0,6.816194295883179
p20_hetero_None,9,local,32.4,0.5448513348020441,0.770904000683724,0.42173913034310023,0,0.0,0.0,0.22915126475015574,276.25,10.61395263671875
p20_hetero_None,10,local,34.8,0.5953335952756975,0.6927401836049423,0.5224489794852145,0,0.0,0.0,0.1352052517801755,350.0,8.10316276550293
p20_hetero_None,11,local,27.2,0.6283310656982188,0.7142839684975054,0.5609756096192743,0,0.0,0.0,0.3499504250992551,320.0,7.014310598373413
p20_hetero_None,12,local,33.6,0.5622130881095309,0.6583328094624974,0.4909090907975206,0,0.0,0.0,0.21452886492225973,323.75,5.918673515319824
p20_hetero_None,13,local,23.2,0.7053635342583501,0.7553360877622308,0.6619047617471656,0,0.0,0.0,0.3050626699371222,348.75,5.621414661407471
p20_hetero_None,14,local,12.0,0.8034862758075205,0.8437087909179558,0.7687499997597655,0,0.0,0.0,0.5125958744014385,301.25,4.369893550872803
p20_hetero_None,15,local,27.0,0.643571454251417,0.7217882605450813,0.580952380814059,0,0.0,0.0,0.3812201555256007,330.0,6.592061996459961
p20_hetero_None,16,local,24.8,0.6202510125066591,0.6943266766680352,0.5611111109552469,0,0.0,0.0,0.372700048858646,301.25,3.4254257678985596
p20_hetero_None,17,local,28.6,0.6125759132239175,0.6318699369871992,0.5947368419487534,0,0.0,0.0,0.23307912238249742,342.5,5.68069314956665
p20_hetero_None,18,local,20.2,0.6673076080973965,0.7021846493675012,0.6374999998007812,0,0.0,0.0,0.44841399672856513,300.0,2.9953160285949707
p20_hetero_None,19,local,12.2,0.8024576890842028,0.8056736438541415,0.7999999997419355,0,0.0,0.0,0.522961240567773,311.25,3.065826892852783
p20_hetero_mild,0,local,10.8,0.8236735360685407,0.834994437987894,0.8129032255442248,0,0.0,0.0,0.5155757502570442,307.5,4.923290729522705
p20_hetero_mild,1,local,28.4,0.5987121915437277,0.7919439178541132,0.48181818170867763,0,0.0,0.0,0.2465304905015655,286.25,6.107549428939819
p20_hetero_mild,2,local,17.0,0.7231761734388453,0.7568831166240056,0.6937499997832031,0,0.0,0.0,0.4218802835963717,302.5,4.423355579376221
p20_hetero_mild,3,local,16.8,0.7268917880642924,0.8415140411976243,0.6399999998171427,0,0.0,0.0,0.38009894457593896,285.0,4.510949611663818
p20_hetero_mild,4,local,32.8,0.5615188605324228,0.6037518035780861,0.52499999986875,0,0.0,0.0,0.30305976568440984,336.25,7.797213315963745
p20_hetero_mild,5,local,23.2,0.7097789953359779,0.7482658480680184,0.6761904760294785,0,0.0,0.0,0.40535658973794647,356.25,4.505411863327026
p20_hetero_mild,6,local,7.6,0.8706263382847579,0.8900300742580635,0.8533333330488888,0,0.0,0.0,0.5065337718998661,298.75,1.8276410102844238
p20_hetero_mild,7,local,8.0,0.8601577851857247,0.9061172999892632,0.8199999997266666,0,0.0,0.0,0.4703816234157814,288.75,2.965726375579834
p20_hetero_mild,8,local,21.6,0.6790568629114925,0.688439617574305,0.6705882350968858,0,0.0,0.0,0.35874583465372817,326.25,3.747098684310913
p20_hetero_mild,9,local,20.2,0.6974079007713823,0.7922820620076446,0.6270270268575603,0,0.0,0.0,0.38037564731838513,303.75,6.06575083732605
p20_hetero_mild,10,local,25.6,0.6482949763059722,0.6986631013971298,0.605128204973044,0,0.0,0.0,0.28697265248368026,330.0,4.9275195598602295
p20_hetero_mild,11,local,23.2,0.6882447398408369,0.7239756251327658,0.656410256241946,0,0.0,0.0,0.3699425226420275,340.0,5.6002843379974365
p20_hetero_mild,12,local,14.8,0.785792921532423,0.8452108641410445,0.7351351349364499,0,0.0,0.0,0.40124049237800447,320.0,3.0867481231689453
p20_hetero_mild,13,local,24.8,0.640321997075284,0.6167359573675812,0.6666666664646463,0,0.0,0.0,0.4391640912612639,342.5,5.113447189331055
p20_hetero_mild,14,local,29.6,0.5914800463492925,0.6421952239375832,0.5487179485772518,0,0.0,0.0,0.2887544440237685,327.5,4.906766653060913
p20_hetero_mild,15,local,15.6,0.7526602377769175,0.8149630539074652,0.6999999997941176,0,0.0,0.0,0.3812446675317753,301.25,3.052532911300659
p20_hetero_mild,16,local,21.4,0.7109077380906426,0.8209121619053917,0.6285714284217687,0,0.0,0.0,0.2744014677475733,320.0,7.868646621704102
p20_hetero_mild,17,local,22.2,0.6932399148437274,0.7556517942131891,0.6410256408612754,0,0.0,0.0,0.2983805143978511,326.25,5.3690478801727295
p20_hetero_mild,18,local,32.4,0.5840558589660179,0.6518004661562905,0.5302325580162249,0,0.0,0.0,0.24071893595445593,337.5,6.72670316696167
p20_hetero_mild,19,local,36.2,0.541765631624678,0.6311662693767903,0.47555555544987654,0,0.0,0.0,0.12952600961338545,331.25,7.469908237457275
p20_hetero_strong,0,local,28.8,0.5954862604358451,0.7027092931614,0.517073170605592,0,0.0,0.0,0.2144613361572309,307.5,5.19899845123291
p20_hetero_strong,1,local,20.8,0.7027347037121071,0.6836134186243934,0.7235294115519031,0,0.0,0.0,0.4145500580206255,343.75,3.5133731365203857
p20_hetero_strong,2,local,13.2,0.8048017436053474,0.836393853272685,0.7771428569208163,0,0.0,0.0,0.49792470932025107,322.5,2.2127482891082764
p20_hetero_strong,3,local,11.8,0.7882326976893246,0.7914782532619598,0.7857142854336734,0,0.0,0.0,0.5244599639408222,292.5,3.20092511177063
p20_hetero_strong,4,local,22.0,0.7100132693010891,0.8182107840650115,0.6279069765981612,0,0.0,0.0,0.2985508002538469,325.0,5.244774103164673
p20_hetero_strong,5,local,21.6,0.6899484025847388,0.7387343257903257,0.6486486484733383,0,0.0,0.0,0.31124191381885324,322.5,2.9898905754089355
p20_hetero_strong,6,local,21.2,0.6394246327557321,0.6547475510698909,0.6266666664577778,0,0.0,0.0,0.2659829023310417,298.75,4.132675409317017
p20_hetero_strong,7,local,22.2,0.6924657482914258,0.7763257573346479,0.62499999984375,0,0.0,0.0,0.3365921101198975,320.0,5.538700580596924
p20_hetero_strong,8,local,26.6,0.5958447874256338,0.5994117645215564,0.5939393937594122,0,0.0,0.0,0.2700913100088397,323.75,4.5675036907196045
p20_hetero_strong,9,local,28.6,0.6416392534958172,0.7580172521307678,0.5565217390094518,0,0.0,0.0,0.22948592208112295,330.0,8.599467277526855
p20_hetero_strong,10,local,22.4,0.6691845711443701,0.7421280481069037,0.6108108106457267,0,0.0,0.0,0.30513002013679846,310.0,6.414393424987793
p20_hetero_strong,11,local,19.4,0.7021742747561988,0.6929578036337967,0.7124999997773438,0,0.0,0.0,0.5295264867343674,325.0,3.4199488162994385
p20_hetero_strong,12,local,41.6,0.4924610767675901,0.6542596346747767,0.39607843129488657,0,0.0,0.0,0.14380077744012706,312.5,7.799503803253174
p20_hetero_strong,13,local,34.0,0.5486717436793089,0.6648179269550882,0.46818181807541326,0,0.0,0.0,0.19752226336705073,313.75,7.631253480911255
p20_hetero_strong,14,local,27.2,0.5668181766593724,0.5992614313164012,0.5393939392304866,0,0.0,0.0,0.23870508707498922,305.0,4.1794445514678955
p20_hetero_strong,15,local,15.4,0.7524581717730393,0.8017569783786407,0.7090909088760331,0,0.0,0.0,0.4025136732933373,301.25,3.7049829959869385
p20_hetero_strong,16,local,22.0,0.6944308777029988,0.7828978444008843,0.62499999984375,0,0.0,0.0,0.3611424470776723,318.75,6.805103778839111
p20_hetero_strong,17,local,28.2,0.614028528813322,0.7031635316484254,0.5463414632813801,0,0.0,0.0,0.18479495691082073,318.75,5.648400783538818
p20_hetero_strong,18,local,15.4,0.7792282658022203,0.8050727864517805,0.755555555345679,0,0.0,0.0,0.5538690074489956,330.0,5.144475936889648
p20_hetero_strong,19,local,10.4,0.816166875706666,0.8120342411683836,0.8214285711352041,0,0.0,0.0,0.40558205577043055,296.25,2.4207828044891357
p20_tau0.3,0,local,24.0,0.6703402773715343,0.7451449981425824,0.6099999998474999,0,0.0,0.0,0.3436301020649858,323.75,5.674844026565552
p20_tau0.3,1,local,38.0,0.5220071675229485,0.5781160791581426,0.4790697673304489,0,0.0,0.0,0.24053160517382635,345.0,8.830131530761719
p20_tau0.3,2,local,41.6,0.4803328942311148,0.5501196840793717,0.4266666665718518,0,0.0,0.0,0.0951894723565597,337.5,9.370242357254028
p20_tau0.3,3,local,16.2,0.7504823571890872,0.8153981499626111,0.6971428569436734,0,0.0,0.0,0.4174619060787549,306.25,3.5413901805877686
p20_tau0.3,4,local,24.8,0.6513746929603157,0.6990730356502567,0.6105263156288088,0,0.0,0.0,0.42747060688045646,326.25,4.573415040969849
p20_tau0.3,5,local,31.8,0.5735256958577123,0.6571453212692264,0.5095238094024943,0,0.0,0.0,0.1698606053276015,322.5,6.818280935287476
p20_tau0.3,6,local,30.4,0.6118769256945711,0.7188326232537511,0.5333333332148148,0,0.0,0.0,0.2850398689696251,327.5,5.983645677566528
p20_tau0.3,7,local,21.4,0.6707108635302154,0.661096934174069,0.6812499997871093,0,0.0,0.0,0.34762018168444114,325.0,4.065494537353516
p20_tau0.3,8,local,37.4,0.5361687434597314,0.6276059589162043,0.46956521728922496,0,0.0,0.0,0.11785336196786264,335.0,7.141623020172119
p20_tau0.3,9,local,38.4,0.5571870913560182,0.624592556943574,0.504166666561632,0,0.0,0.0,0.27217878291641434,361.25,7.716096878051758
p20_tau0.3,10,local,43.0,0.4915791668955591,0.6216033680202483,0.40784313717493276,0,0.0,0.0,0.19075662378093067,328.75,8.087427854537964
p20_tau0.3,11,local,23.2,0.6663053657478671,0.7126351349152268,0.6270270268575603,0,0.0,0.0,0.30295044028546037,322.5,4.826589822769165
p20_tau0.3,12,local,15.2,0.7750202666033162,0.8292693057001106,0.7277777775756172,0,0.0,0.0,0.3536973473025876,316.25,5.765960931777954
p20_tau0.3,13,local,12.8,0.7822284318711855,0.8283623142700478,0.7419354836316336,0,0.0,0.0,0.4840796335276455,292.5,3.8298914432525635
p20_tau0.3,14,local,36.8,0.499998513997126,0.5645944739799561,0.44878048769541934,0,0.0,0.0,0.22463660019843953,322.5,7.030111312866211
p20_tau0.3,15,local,9.8,0.836158186811006,0.8390804594884397,0.8333333330555556,0,0.0,0.0,0.47103640722321316,305.0,2.676290273666382
p20_tau0.3,16,local,29.8,0.6265436565362231,0.740714271803516,0.5434782607514178,0,0.0,0.0,0.3419027059476495,330.0,7.800878524780273
p20_tau0.3,17,local,16.4,0.744417656538652,0.8158649966905559,0.6857142855183673,0,0.0,0.0,0.36660159307945844,302.5,5.40842604637146
p20_tau0.3,18,local,32.2,0.6082301642539406,0.6725229739207175,0.5555555554320988,0,0.0,0.0,0.22310947954690957,351.25,10.193904399871826
p20_tau0.3,19,local,26.6,0.6208626587451055,0.6564285712307457,0.5891891890299489,0,0.0,0.0,0.3678359402824193,326.25,4.597317695617676
p20_tau0.5,0,local,17.4,0.7093899594168764,0.7375259986482998,0.683870967521332,0,0.0,0.0,0.40077743093465756,298.75,3.760467290878296
p20_tau0.5,1,local,18.0,0.7397512045421957,0.7951138517452304,0.6918918917048941,0,0.0,0.0,0.3647211484118806,320.0,5.323770761489868
p20_tau0.5,2,local,27.6,0.5939051691523495,0.7490740737952614,0.49268292670910174,0,0.0,0.0,0.24205494435721148,287.5,4.3038716316223145
p20_tau0.5,3,local,22.2,0.6906107705938085,0.7342703664053681,0.6526315787756233,0,0.0,0.0,0.2918953600525633,330.0,6.079028606414795
p20_tau0.5,4,local,24.0,0.6362940490172964,0.6563599704691834,0.6176470586418685,0,0.0,0.0,0.4047850167709733,318.75,4.366401433944702
p20_tau0.5,5,local,15.2,0.7550133726697893,0.7812488079381863,0.7312499997714844,0,0.0,0.0,0.41527742441346216,306.25,3.66076397895813
p20_tau0.5,6,local,16.0,0.760635505897729,0.7755045402886427,0.7470588233096886,0,0.0,0.0,0.42586466148707636,323.75,6.157249689102173
p20_tau0.5,7,local,13.6,0.7822580592694622,0.8033333330686807,0.7624999997617188,0,0.0,0.0,0.3016611257260442,308.75,2.902162551879883
p20_tau0.5,8,local,14.4,0.7479953750768854,0.8170940167813725,0.6903225804224766,0,0.0,0.0,0.5549819312384363,282.5,2.791945457458496
p20_tau0.5,9,local,27.4,0.6365274313791918,0.6783102428241392,0.5999999998499999,0,0.0,0.0,0.32699898840684233,340.0,6.184511184692383
p20_tau0.5,10,local,29.0,0.5941697654292815,0.7240959325543006,0.5047619046417233,0,0.0,0.0,0.2555658512742423,302.5,9.106136560440063
p20_tau0.5,11,local,21.8,0.6942562516128523,0.7463095235823367,0.6526315787756232,0,0.0,0.0,0.3283612374570988,327.5,6.88725733757019
p20_tau0.5,12,local,16.4,0.7302940358854391,0.698600569039844,0.7655172411153389,0,0.0,0.0,0.46448483451789946,317.5,2.057756185531616
p20_tau0.5,13,local,22.0,0.7105866334151458,0.7506382010174792,0.67499999983125,0,0.0,0.0,0.27159983663463677,343.75,4.834451675415039
p20_tau0.5,14,local,22.6,0.6268322277513251,0.6645823399333661,0.5937499998144531,0,0.0,0.0,0.30721252919801445,297.5,4.049160718917847
p20_tau0.5,15,local,26.8,0.629665347210389,0.6831329626573803,0.5846153844654831,0,0.0,0.0,0.28819171740583843,327.5,6.857012510299683
p20_tau0.5,16,local,25.6,0.6677494269321563,0.7767362426496734,0.5863636362303719,0,0.0,0.0,0.34340928055594,326.25,6.4778947830200195
p20_tau0.5,17,local,21.8,0.706264835006412,0.7447712416181864,0.6717948716226168,0,0.0,0.0,0.4066470155116659,338.75,4.9597861766815186
p20_tau0.5,18,local,15.8,0.7403877966392827,0.7783743839681198,0.7062499997792967,0,0.0,0.0,0.4521415206206053,300.0,3.254859447479248
p20_tau0.5,19,local,16.8,0.7290487785260417,0.8078306875415164,0.6647058821574394,0,0.0,0.0,0.3286821671687853,293.75,4.186990022659302
p20_ell1,0,local,55.8,0.4561869333503932,0.36234414004920257,0.6157894735221606,0,0.0,0.0,0.17542003963209282,320.625,6.717114210128784
p20_ell1,1,local,36.6,0.5979343761684307,0.5672654259409524,0.6325581393877772,0,0.0,0.0,0.23943495899402611,268.75,5.400094747543335
p20_ell1,2,local,48.0,0.5105304153632364,0.41073387188106036,0.6756756754930606,0,0.0,0.0,0.1570060534528749,309.375,5.430838584899902
p20_ell1,3,local,16.8,0.7621551031733784,0.7002035574911768,0.8374999997382812,0,0.0,0.0,0.5267995008242419,238.75,3.288428544998169
p20_ell1,4,local,29.0,0.617242922611196,0.6032651317678794,0.6324324322615047,0,0.0,0.0,0.2020448275388107,240.0,2.788599967956543
p20_ell1,5,local,31.6,0.6879867936574076,0.5985656576453158,0.8093023253931854,0,0.0,0.0,0.34617923718871385,300.625,3.8884522914886475
p20_ell1,6,local,40.8,0.6072913937688951,0.5353200114127082,0.7022222220661727,0,0.0,0.0,0.17423090895183854,303.125,4.9191553592681885
p20_ell1,7,local,24.2,0.6688453477513925,0.5823723158913573,0.7870967739396462,0,0.0,0.0,0.33066952922326864,250.0,2.748793363571167
p20_ell1,8,local,44.4,0.5088164112682853,0.4228072276351367,0.6388888887114197,0,0.0,0.0,0.259881548598935,288.75,3.4891371726989746
p20_ell1,9,local,44.0,0.5249102178645166,0.43631314586985237,0.6594594592812271,0,0.0,0.0,0.1495070671741488,293.125,6.440247297286987
p20_ell1,10,local,40.4,0.5341244962617491,0.4569238008765124,0.6444444442654321,0,0.0,0.0,0.33418093423753664,277.5,5.079505920410156
p20_ell1,11,local,32.0,0.6719587578769689,0.5793583534085163,0.7999999998048779,0,0.0,0.0,0.2996754041088968,295.625,5.328617095947266
p20_ell1,12,local,21.0,0.6905870548141426,0.655211558123473,0.7312499997714845,0,0.0,0.0,0.3992084060228786,230.625,3.3380212783813477
p20_ell1,13,local,28.0,0.6444898823317263,0.5670395776251083,0.7470588233096886,0,0.0,0.0,0.3520175371545272,258.75,3.6759581565856934
p20_ell1,14,local,39.8,0.5725188600981251,0.4850852842828875,0.6999999998157895,0,0.0,0.0,0.16253051770731597,290.625,3.752652883529663
p20_ell1,15,local,35.6,0.6629112842826941,0.5338816738001158,0.87499999978125,0,0.0,0.0,0.3280455646802297,323.75,4.71482253074646
p20_ell1,16,local,17.8,0.7213231161747287,0.6440352568805339,0.8214285711352041,0,0.0,0.0,0.47235896170011643,230.625,2.737910509109497
p20_ell1,17,local,34.8,0.604579698353876,0.4838311687430898,0.8060606058163453,0,0.0,0.0,0.3483871770520294,290.625,3.5617048740386963
p20_ell1,18,local,18.0,0.7645767172892904,0.7235588970635669,0.8111111108858026,0,0.0,0.0,0.5133751823191469,245.0,2.43639874458313
p20_ell1,19,local,36.8,0.6215128036543799,0.5018589392276793,0.8162162159956171,0,0.0,0.0,0.27187149606350763,306.875,5.4894468784332275
p20_ell2,0,local,27.4,0.6075908998053148,0.6897223764898632,0.5435897434503616,0,0.0,0.0,0.3120697954373561,311.25,5.9118852615356445
p20_ell2,1,local,19.2,0.7146406950556051,0.7702956986773548,0.6666666664814814,0,0.0,0.0,0.30867991586568005,313.75,5.851527214050293
p20_ell2,2,local,25.4,0.6402887307644675,0.6541232759149254,0.627777777603395,0,0.0,0.0,0.29434245513997903,335.0,7.001180410385132
p20_ell2,3,local,43.0,0.5209810799318776,0.6363408519568259,0.4415094338789604,0,0.0,0.0,0.16239708020574944,348.75,9.059537887573242
p20_ell2,4,local,29.6,0.5977636194916116,0.721266339631398,0.5116279068577609,0,0.0,0.0,0.21456069803264027,310.0,5.897448778152466
p20_ell2,5,local,33.8,0.5366030073337723,0.5769597157122682,0.50256410243524,0,0.0,0.0,0.22076723982394203,331.25,6.022825002670288
p20_ell2,6,local,19.2,0.7304737965107295,0.739196002515101,0.7222222220216049,0,0.0,0.0,0.3432579553964573,338.75,5.174823522567749
p20_ell2,7,local,21.6,0.6825604909595792,0.7748284466922881,0.6105263156288088,0,0.0,0.0,0.4298497538069469,306.25,4.0355846881866455
p20_ell2,8,local,30.0,0.6172034580761063,0.665664160217289,0.576190476053288,0,0.0,0.0,0.2910239404963374,346.25,8.051132440567017
p20_ell2,9,local,11.2,0.8262733896787576,0.8482858947321787,0.8060606058163453,0,0.0,0.0,0.35474747114426747,315.0,4.058865070343018
p20_ell2,10,local,47.4,0.4462977078490442,0.5368673811076512,0.3839999999232,0,0.0,0.0,0.16893998449095526,342.5,9.634498119354248
p20_ell2,11,local,21.2,0.7165656514532173,0.8181818179314023,0.6380952379433107,0,0.0,0.0,0.42898053033859307,323.75,6.067112684249878
p20_ell2,12,local,34.2,0.5862379738239338,0.6651405190389352,0.5260869564073725,0,0.0,0.0,0.19095459695632472,347.5,11.069218158721924
p20_ell2,13,local,24.2,0.6823089432881876,0.7391984862015293,0.6341463413087448,0,0.0,0.0,0.26430161413993963,338.75,7.538724660873413
p20_ell2,14,local,31.6,0.5821169087894125,0.6363958915057556,0.5365853657227839,0,0.0,0.0,0.20513201208688203,335.0,4.9685540199279785
p20_ell2,15,local,29.8,0.5870309293193536,0.6200818999001473,0.5578947366952909,0,0.0,0.0,0.37135042333946744,332.5,5.887385845184326
p20_ell2,16,local,17.0,0.7311009938041071,0.71598892125096,0.7483870965327784,0,0.0,0.0,0.5389564289920624,321.25,3.3570616245269775
p20_ell2,17,local,9.8,0.8338743924187508,0.8214791123188606,0.8482758617764568,0,0.0,0.0,0.4437287016815846,306.25,2.6660878658294678
p20_ell2,18,local,16.2,0.765241400615096,0.8255574001210576,0.7135135133206719,0,0.0,0.0,0.39124646382202893,318.75,3.6134252548217773
p20_ell2,19,local,22.2,0.6667278528695801,0.7259005373968934,0.6166666664953704,0,0.0,0.0,0.2035999302660081,310.0,7.2275145053863525
p20_mechanism_shift,0,local,27.4,0.6496934762555393,0.7271724596822841,0.5906976742812331,0,0.0,0.0,0.2655114592446569,338.75,7.229679346084595
p20_mechanism_shift,1,local,16.0,0.759069272926185,0.8302946513106368,0.6999999998055555,0,0.0,0.0,0.4260624847065989,308.75,4.809837102890015
p20_mechanism_shift,2,local,21.2,0.7031326647719232,0.7973430170425624,0.6299999998425,0,0.0,0.0,0.2996864985208013,316.25,5.850191354751587
p20_mechanism_shift,3,local,14.0,0.7878162308219581,0.8139284660139484,0.7647058821280277,0,0.0,0.0,0.41072013985471784,318.75,3.229193687438965
p20_mechanism_shift,4,local,11.2,0.8176751065224568,0.8526369165457289,0.7874999997539062,0,0.0,0.0,0.515791350316777,303.75,2.564290761947632
p20_mechanism_shift,5,local,26.0,0.6645175508532549,0.8183201055587765,0.5608695650954632,0,0.0,0.0,0.35257998018194714,316.25,5.427582025527954
p20_mechanism_shift,6,local,27.4,0.6076680320747974,0.6673936948044459,0.5578947366952909,0,0.0,0.0,0.27048665243016223,317.5,4.755790710449219
p20_mechanism_shift,7,local,21.8,0.6754528523750952,0.7584171788758741,0.6108108106457267,0,0.0,0.0,0.2816681744836046,306.25,4.997343301773071
p20_mechanism_shift,8,local,18.8,0.731266869714515,0.821762114225975,0.6615384613688363,0,0.0,0.0,0.40433376661731285,315.0,3.7708497047424316
p20_mechanism_shift,9,local,27.2,0.6351062145452187,0.685828470644311,0.5949999998512501,0,0.0,0.0,0.3025158154317995,336.25,6.407278537750244
p20_mechanism_shift,10,local,25.4,0.6516324749478619,0.7483823191964413,0.5804878047364663,0,0.0,0.0,0.36086727726864565,318.75,4.839768648147583
p20_mechanism_shift,11,local,20.2,0.7051883388049727,0.7426818467037266,0.6722222220354938,0,0.0,0.0,0.3554940778331154,322.5,3.2328755855560303
p20_mechanism_shift,12,local,26.4,0.684062645813327,0.782273449705944,0.608510638168402,0,0.0,0.0,0.35880516880475966,347.5,4.793970346450806
p20_mechanism_shift,13,local,17.2,0.7228130498680405,0.7483609491446515,0.6999999997812498,0,0.0,0.0,0.4056567711836225,306.25,3.3493714332580566
p20_mechanism_shift,14,local,13.0,0.7733636040762794,0.8111673049389638,0.7399999997533333,0,0.0,0.0,0.4837861221283675,290.0,2.636892557144165
p20_mechanism_shift,15,local,20.6,0.7286683547547669,0.8455990379523579,0.6418604649670092,0,0.0,0.0,0.32894367042432393,323.75,5.637457847595215
p20_mechanism_shift,16,local,16.0,0.7433333281178603,0.7904420546876267,0.7030303028172635,0,0.0,0.0,0.5042073522012398,302.5,2.2657651901245117
p20_mechanism_shift,17,local,23.8,0.6511240966918675,0.7361751149627527,0.5842105261620498,0,0.0,0.0,0.2611994464515191,307.5,5.376300811767578
p20_mechanism_shift,18,local,17.8,0.7336628005404034,0.7680450374229137,0.7028571426563265,0,0.0,0.0,0.41457119993088665,318.75,3.544869899749756
p20_mechanism_shift,19,local,11.4,0.7944917797441082,0.8345673582503019,0.7586206893935791,0,0.0,0.0,0.58729942256931,283.75,1.8152830600738525
